character1,character2,boolean_similarity
ABSTRACT WORKER #1,ABSTRACT WORKER #1,1.0
ABSTRACT WORKER #1,ABSTRACT WORKER #2,0.0
ABSTRACT WORKER #1,Angelo,0.141456288029
ABSTRACT WORKER #1,BING BONG,0.120604537831
ABSTRACT WORKER #1,BOYFRIEND GENERATOR WORKER,0.0
ABSTRACT WORKER #1,CLOUD MAN,0.0753778361444
ABSTRACT WORKER #1,CLOUD WITNESS,0.0
ABSTRACT WORKER #1,DAD,0.150616019019
ABSTRACT WORKER #1,DAD'S Angelo,0.123299240479
ABSTRACT WORKER #1,DAD'S Felipe,0.0481125224325
ABSTRACT WORKER #1,DREAM DIRECTOR,0.142857142857
ABSTRACT WORKER #1,DREAM PRODUCTIONS COP #1,0.0
ABSTRACT WORKER #1,DREAM STUDENT #1,0.111803398875
ABSTRACT WORKER #1,DREAM STUDENT #2,0.102062072616
ABSTRACT WORKER #1,Diane,0.119627537229
ABSTRACT WORKER #1,EXTRA,0.172061800403
ABSTRACT WORKER #1,FEMALE FORGETTER,0.117130321416
ABSTRACT WORKER #1,Felipe,0.127775313
ABSTRACT WORKER #1,GIRL ALARM,0.0
ABSTRACT WORKER #1,GUM MEMORY,0.0
ABSTRACT WORKER #1,HELICOPTER PILOT,0.0
ABSTRACT WORKER #1,HOCKEY COACH,0.0883883476483
ABSTRACT WORKER #1,HOCKEY TEAMMATE,0.144337567297
ABSTRACT WORKER #1,HOUSE OF CARDS WORKER,0.0
ABSTRACT WORKER #1,IMAGINARY BOYFRIEND,0.0
ABSTRACT WORKER #1,IMAGINARY BOYFRIENDS,0.0
ABSTRACT WORKER #1,JANGLES,0.0790569415042
ABSTRACT WORKER #1,Joyce,0.09474209112
ABSTRACT WORKER #1,MALE FORGETTER,0.104006286792
ABSTRACT WORKER #1,MEG,0.174077655956
ABSTRACT WORKER #1,MIND WORKER COP #1,0.0693375245282
ABSTRACT WORKER #1,MIND WORKER COP #2,0.0
ABSTRACT WORKER #1,MOM,0.117130321416
ABSTRACT WORKER #1,MOM'S Angelo,0.181901718777
ABSTRACT WORKER #1,MOM'S Diane,0.159900537267
ABSTRACT WORKER #1,MOM'S Felipe,0.0721687836487
ABSTRACT WORKER #1,MOM'S Joyce,0.0753778361444
ABSTRACT WORKER #1,MOM'S Sandra,0.0980580675691
ABSTRACT WORKER #1,MOUSE,0.0
ABSTRACT WORKER #1,PIZZA BEAR,0.111803398875
ABSTRACT WORKER #1,PIZZA SLICE,0.0
ABSTRACT WORKER #1,RILEY,0.131055608499
ABSTRACT WORKER #1,RILEY VOICE,0.0
ABSTRACT WORKER #1,SPORTS ANNOUNCER,0.0
ABSTRACT WORKER #1,SUBCONSCIOUS GUARD DAVE,0.129099444874
ABSTRACT WORKER #1,SUBCONSCIOUS GUARD FRANK,0.129099444874
ABSTRACT WORKER #1,Sandra,0.138740943595
ABSTRACT WORKER #1,TEACHER,0.26940795304
ABSTRACT WORKER #1,TRAIN ENGINEER,0.125
ABSTRACT WORKER #1,WORKER #1,0.176776695297
ABSTRACT WORKER #1,WORKER FRITZ,0.0944911182523
ABSTRACT WORKER #1,YOUNG RILEY,0.216506350946
ABSTRACT WORKER #2,ABSTRACT WORKER #2,1.0
ABSTRACT WORKER #2,Angelo,0.0
ABSTRACT WORKER #2,BING BONG,0.0301511344578
ABSTRACT WORKER #2,BOYFRIEND GENERATOR WORKER,0.0
ABSTRACT WORKER #2,CLOUD MAN,0.0
ABSTRACT WORKER #2,CLOUD WITNESS,0.0
ABSTRACT WORKER #2,DAD,0.0
ABSTRACT WORKER #2,DAD'S Angelo,0.0
ABSTRACT WORKER #2,DAD'S Felipe,0.0
ABSTRACT WORKER #2,DREAM DIRECTOR,0.0
ABSTRACT WORKER #2,DREAM PRODUCTIONS COP #1,0.0
ABSTRACT WORKER #2,DREAM STUDENT #1,0.0
ABSTRACT WORKER #2,DREAM STUDENT #2,0.0
ABSTRACT WORKER #2,Diane,0.0
ABSTRACT WORKER #2,EXTRA,0.0
ABSTRACT WORKER #2,FEMALE FORGETTER,0.0
ABSTRACT WORKER #2,Felipe,0.0
ABSTRACT WORKER #2,GIRL ALARM,0.0
ABSTRACT WORKER #2,GUM MEMORY,0.0
ABSTRACT WORKER #2,HELICOPTER PILOT,0.0
ABSTRACT WORKER #2,HOCKEY COACH,0.0
ABSTRACT WORKER #2,HOCKEY TEAMMATE,0.0
ABSTRACT WORKER #2,HOUSE OF CARDS WORKER,0.0
ABSTRACT WORKER #2,IMAGINARY BOYFRIEND,0.0
ABSTRACT WORKER #2,IMAGINARY BOYFRIENDS,0.0
ABSTRACT WORKER #2,JANGLES,0.0
ABSTRACT WORKER #2,Joyce,0.0210537980267
ABSTRACT WORKER #2,MALE FORGETTER,0.0
ABSTRACT WORKER #2,MEG,0.0
ABSTRACT WORKER #2,MIND WORKER COP #1,0.0
ABSTRACT WORKER #2,MIND WORKER COP #2,0.0
ABSTRACT WORKER #2,MOM,0.0
ABSTRACT WORKER #2,MOM'S Angelo,0.0
ABSTRACT WORKER #2,MOM'S Diane,0.0
ABSTRACT WORKER #2,MOM'S Felipe,0.0
ABSTRACT WORKER #2,MOM'S Joyce,0.0
ABSTRACT WORKER #2,MOM'S Sandra,0.0
ABSTRACT WORKER #2,MOUSE,0.0
ABSTRACT WORKER #2,PIZZA BEAR,0.0
ABSTRACT WORKER #2,PIZZA SLICE,0.0
ABSTRACT WORKER #2,RILEY,0.0
ABSTRACT WORKER #2,RILEY VOICE,0.0
ABSTRACT WORKER #2,SPORTS ANNOUNCER,0.0
ABSTRACT WORKER #2,SUBCONSCIOUS GUARD DAVE,0.0
ABSTRACT WORKER #2,SUBCONSCIOUS GUARD FRANK,0.0
ABSTRACT WORKER #2,Sandra,0.0616626415978
ABSTRACT WORKER #2,TEACHER,0.0
ABSTRACT WORKER #2,TRAIN ENGINEER,0.0
ABSTRACT WORKER #2,WORKER #1,0.0
ABSTRACT WORKER #2,WORKER FRITZ,0.0
ABSTRACT WORKER #2,YOUNG RILEY,0.0
Angelo,Angelo,1.0
Angelo,BING BONG,0.276755495021
Angelo,BOYFRIEND GENERATOR WORKER,0.0
Angelo,CLOUD MAN,0.11373513494
Angelo,CLOUD WITNESS,0.0889108448949
Angelo,DAD,0.324656502372
Angelo,DAD'S Angelo,0.206713515555
Angelo,DAD'S Felipe,0.0483969339094
Angelo,DREAM DIRECTOR,0.161664329176
Angelo,DREAM PRODUCTIONS COP #1,0.0725954008641
Angelo,DREAM STUDENT #1,0.0562321557116
Angelo,DREAM STUDENT #2,0.128331750585
Angelo,Diane,0.382492443241
Angelo,EXTRA,0.129809192515
Angelo,FEMALE FORGETTER,0.2160083263
Angelo,Felipe,0.369525594676
Angelo,GIRL ALARM,0.0444554224474
Angelo,GUM MEMORY,0.102665400468
Angelo,HELICOPTER PILOT,0.036297700432
Angelo,HOCKEY COACH,0.0666831336712
Angelo,HOCKEY TEAMMATE,0.0725954008641
Angelo,HOUSE OF CARDS WORKER,0.0628694613462
Angelo,IMAGINARY BOYFRIEND,0.102665400468
Angelo,IMAGINARY BOYFRIENDS,0.0889108448949
Angelo,JANGLES,0.0994053465609
Angelo,Joyce,0.346793926602
Angelo,MALE FORGETTER,0.139494810181
Angelo,MEG,0.164162526935
Angelo,MIND WORKER COP #1,0.174368512727
Angelo,MIND WORKER COP #2,0.0
Angelo,MOM,0.274919688018
Angelo,MOM'S Angelo,0.152480841033
Angelo,MOM'S Diane,0.174249584547
Angelo,MOM'S Felipe,0.163339651944
Angelo,MOM'S Joyce,0.151646846587
Angelo,MOM'S Sandra,0.197275452439
Angelo,MOUSE,0.125738922692
Angelo,PIZZA BEAR,0.0562321557116
Angelo,PIZZA SLICE,0.0725954008641
Angelo,RILEY,0.274646517091
Angelo,RILEY VOICE,0.0843482335673
Angelo,SPORTS ANNOUNCER,0.0237624228261
Angelo,SUBCONSCIOUS GUARD DAVE,0.146095426067
Angelo,SUBCONSCIOUS GUARD FRANK,0.146095426067
Angelo,Sandra,0.30238237087
Angelo,TEACHER,0.20325039468
Angelo,TRAIN ENGINEER,0.0943041920193
Angelo,WORKER #1,0.133366267342
Angelo,WORKER FRITZ,0.142574536957
Angelo,YOUNG RILEY,0.108893101296
BING BONG,BING BONG,1.0
BING BONG,BOYFRIEND GENERATOR WORKER,0.0426401432711
BING BONG,CLOUD MAN,0.0909090909091
BING BONG,CLOUD WITNESS,0.0426401432711
BING BONG,DAD,0.264689641015
BING BONG,DAD'S Angelo,0.138790847187
BING BONG,DAD'S Felipe,0.081236239446
BING BONG,DREAM DIRECTOR,0.180906806747
BING BONG,DREAM PRODUCTIONS COP #1,0.104446593573
BING BONG,DREAM STUDENT #1,0.0539359889971
BING BONG,DREAM STUDENT #2,0.0984731927835
BING BONG,Diane,0.267941585589
BING BONG,EXTRA,0.0968400249413
BING BONG,FEMALE FORGETTER,0.2166055403
BING BONG,Felipe,0.300500510126
BING BONG,GIRL ALARM,0.0426401432711
BING BONG,GUM MEMORY,0.0492365963917
BING BONG,HELICOPTER PILOT,0.0696310623823
BING BONG,HOCKEY COACH,0.0639602149067
BING BONG,HOCKEY TEAMMATE,0.104446593573
BING BONG,HOUSE OF CARDS WORKER,0.0301511344578
BING BONG,IMAGINARY BOYFRIEND,0.0738548945876
BING BONG,IMAGINARY BOYFRIENDS,0.0852802865422
BING BONG,JANGLES,0.0572077553547
BING BONG,Joyce,0.388495087831
BING BONG,MALE FORGETTER,0.158885981901
BING BONG,MEG,0.146961886703
BING BONG,MIND WORKER COP #1,0.167248402001
BING BONG,MIND WORKER COP #2,0.0301511344578
BING BONG,MOM,0.268402517328
BING BONG,MOM'S Angelo,0.0877526908953
BING BONG,MOM'S Diane,0.154277843168
BING BONG,MOM'S Felipe,0.121854359169
BING BONG,MOM'S Joyce,0.127272727273
BING BONG,MOM'S Sandra,0.141914975037
BING BONG,MOUSE,0.0904534033733
BING BONG,PIZZA BEAR,0.0269679944985
BING BONG,PIZZA SLICE,0.0348155311911
BING BONG,RILEY,0.258163051189
BING BONG,RILEY VOICE,0.0269679944985
BING BONG,SPORTS ANNOUNCER,0.0455842305839
BING BONG,SUBCONSCIOUS GUARD DAVE,0.155699788832
BING BONG,SUBCONSCIOUS GUARD FRANK,0.171269767716
BING BONG,Sandra,0.327218953219
BING BONG,TEACHER,0.173289715544
BING BONG,TRAIN ENGINEER,0.0603022689156
BING BONG,WORKER #1,0.106600358178
BING BONG,WORKER FRITZ,0.11396057646
BING BONG,YOUNG RILEY,0.139262124765
BOYFRIEND GENERATOR WORKER,BOYFRIEND GENERATOR WORKER,1.0
BOYFRIEND GENERATOR WORKER,CLOUD MAN,0.0
BOYFRIEND GENERATOR WORKER,CLOUD WITNESS,0.0
BOYFRIEND GENERATOR WORKER,DAD,0.0
BOYFRIEND GENERATOR WORKER,DAD'S Angelo,0.0
BOYFRIEND GENERATOR WORKER,DAD'S Felipe,0.0
BOYFRIEND GENERATOR WORKER,DREAM DIRECTOR,0.0
BOYFRIEND GENERATOR WORKER,DREAM PRODUCTIONS COP #1,0.0
BOYFRIEND GENERATOR WORKER,DREAM STUDENT #1,0.0
BOYFRIEND GENERATOR WORKER,DREAM STUDENT #2,0.0
BOYFRIEND GENERATOR WORKER,Diane,0.0
BOYFRIEND GENERATOR WORKER,EXTRA,0.0
BOYFRIEND GENERATOR WORKER,FEMALE FORGETTER,0.0
BOYFRIEND GENERATOR WORKER,Felipe,0.0
BOYFRIEND GENERATOR WORKER,GIRL ALARM,0.0
BOYFRIEND GENERATOR WORKER,GUM MEMORY,0.0
BOYFRIEND GENERATOR WORKER,HELICOPTER PILOT,0.0
BOYFRIEND GENERATOR WORKER,HOCKEY COACH,0.0
BOYFRIEND GENERATOR WORKER,HOCKEY TEAMMATE,0.0
BOYFRIEND GENERATOR WORKER,HOUSE OF CARDS WORKER,0.0
BOYFRIEND GENERATOR WORKER,IMAGINARY BOYFRIEND,0.0
BOYFRIEND GENERATOR WORKER,IMAGINARY BOYFRIENDS,0.0
BOYFRIEND GENERATOR WORKER,JANGLES,0.0
BOYFRIEND GENERATOR WORKER,Joyce,0.0
BOYFRIEND GENERATOR WORKER,MALE FORGETTER,0.0
BOYFRIEND GENERATOR WORKER,MEG,0.0
BOYFRIEND GENERATOR WORKER,MIND WORKER COP #1,0.0
BOYFRIEND GENERATOR WORKER,MIND WORKER COP #2,0.0
BOYFRIEND GENERATOR WORKER,MOM,0.0
BOYFRIEND GENERATOR WORKER,MOM'S Angelo,0.0
BOYFRIEND GENERATOR WORKER,MOM'S Diane,0.0
BOYFRIEND GENERATOR WORKER,MOM'S Felipe,0.0
BOYFRIEND GENERATOR WORKER,MOM'S Joyce,0.0
BOYFRIEND GENERATOR WORKER,MOM'S Sandra,0.0
BOYFRIEND GENERATOR WORKER,MOUSE,0.0
BOYFRIEND GENERATOR WORKER,PIZZA BEAR,0.0
BOYFRIEND GENERATOR WORKER,PIZZA SLICE,0.0
BOYFRIEND GENERATOR WORKER,RILEY,0.0
BOYFRIEND GENERATOR WORKER,RILEY VOICE,0.0
BOYFRIEND GENERATOR WORKER,SPORTS ANNOUNCER,0.0
BOYFRIEND GENERATOR WORKER,SUBCONSCIOUS GUARD DAVE,0.0
BOYFRIEND GENERATOR WORKER,SUBCONSCIOUS GUARD FRANK,0.0
BOYFRIEND GENERATOR WORKER,Sandra,0.0
BOYFRIEND GENERATOR WORKER,TEACHER,0.0
BOYFRIEND GENERATOR WORKER,TRAIN ENGINEER,0.0
BOYFRIEND GENERATOR WORKER,WORKER #1,0.0
BOYFRIEND GENERATOR WORKER,WORKER FRITZ,0.0
BOYFRIEND GENERATOR WORKER,YOUNG RILEY,0.0
CLOUD MAN,CLOUD MAN,1.0
CLOUD MAN,CLOUD WITNESS,0.213200716356
CLOUD MAN,DAD,0.103799859222
CLOUD MAN,DAD'S Angelo,0.148704479129
CLOUD MAN,DAD'S Felipe,0.116051770637
CLOUD MAN,DREAM DIRECTOR,0.0861460984508
CLOUD MAN,DREAM PRODUCTIONS COP #1,0.174077655956
CLOUD MAN,DREAM STUDENT #1,0.134839972493
CLOUD MAN,DREAM STUDENT #2,0.246182981959
CLOUD MAN,Diane,0.123665347195
CLOUD MAN,EXTRA,0.138342892773
CLOUD MAN,FEMALE FORGETTER,0.0941763218696
CLOUD MAN,Felipe,0.0963142660662
CLOUD MAN,GIRL ALARM,0.213200716356
CLOUD MAN,GUM MEMORY,0.123091490979
CLOUD MAN,HELICOPTER PILOT,0.0
CLOUD MAN,HOCKEY COACH,0.106600358178
CLOUD MAN,HOCKEY TEAMMATE,0.174077655956
CLOUD MAN,HOUSE OF CARDS WORKER,0.150755672289
CLOUD MAN,IMAGINARY BOYFRIEND,0.246182981959
CLOUD MAN,IMAGINARY BOYFRIENDS,0.213200716356
CLOUD MAN,JANGLES,0.0953462589246
CLOUD MAN,Joyce,0.114263261127
CLOUD MAN,MALE FORGETTER,0.0836242010007
CLOUD MAN,MEG,0.104972776216
CLOUD MAN,MIND WORKER COP #1,0.250872603002
CLOUD MAN,MIND WORKER COP #2,0.0
CLOUD MAN,MOM,0.117720402337
CLOUD MAN,MOM'S Angelo,0.219381727238
CLOUD MAN,MOM'S Diane,0.128564869307
CLOUD MAN,MOM'S Felipe,0.174077655956
CLOUD MAN,MOM'S Joyce,0.181818181818
CLOUD MAN,MOM'S Sandra,0.118262479198
CLOUD MAN,MOUSE,0.150755672289
CLOUD MAN,PIZZA BEAR,0.134839972493
CLOUD MAN,PIZZA SLICE,0.174077655956
CLOUD MAN,RILEY,0.0790295054661
CLOUD MAN,RILEY VOICE,0.0
CLOUD MAN,SPORTS ANNOUNCER,0.0
CLOUD MAN,SUBCONSCIOUS GUARD DAVE,0.233549683248
CLOUD MAN,SUBCONSCIOUS GUARD FRANK,0.155699788832
CLOUD MAN,Sandra,0.11155191587
CLOUD MAN,TEACHER,0.108306072215
CLOUD MAN,TRAIN ENGINEER,0.0
CLOUD MAN,WORKER #1,0.213200716356
CLOUD MAN,WORKER FRITZ,0.11396057646
CLOUD MAN,YOUNG RILEY,0.174077655956
CLOUD WITNESS,CLOUD WITNESS,1.0
CLOUD WITNESS,DAD,0.060858061945
CLOUD WITNESS,DAD'S Angelo,0.116247638744
CLOUD WITNESS,DAD'S Felipe,0.136082763488
CLOUD WITNESS,DREAM DIRECTOR,0.101015254455
CLOUD WITNESS,DREAM PRODUCTIONS COP #1,0.408248290464
CLOUD WITNESS,DREAM STUDENT #1,0.316227766017
CLOUD WITNESS,DREAM STUDENT #2,0.288675134595
CLOUD WITNESS,Diane,0.0966736489046
CLOUD WITNESS,EXTRA,0.0
CLOUD WITNESS,FEMALE FORGETTER,0.110431526075
CLOUD WITNESS,Felipe,0.0903507902905
CLOUD WITNESS,GIRL ALARM,0.5
CLOUD WITNESS,GUM MEMORY,0.288675134595
CLOUD WITNESS,HELICOPTER PILOT,0.0
CLOUD WITNESS,HOCKEY COACH,0.25
CLOUD WITNESS,HOCKEY TEAMMATE,0.0
CLOUD WITNESS,HOUSE OF CARDS WORKER,0.353553390593
CLOUD WITNESS,IMAGINARY BOYFRIEND,0.288675134595
CLOUD WITNESS,IMAGINARY BOYFRIENDS,0.5
CLOUD WITNESS,JANGLES,0.0
CLOUD WITNESS,Joyce,0.0595491334175
CLOUD WITNESS,MALE FORGETTER,0.0980580675691
CLOUD WITNESS,MEG,0.123091490979
CLOUD WITNESS,MIND WORKER COP #1,0.196116135138
CLOUD WITNESS,MIND WORKER COP #2,0.0
CLOUD WITNESS,MOM,0.0552157630374
CLOUD WITNESS,MOM'S Angelo,0.171498585143
CLOUD WITNESS,MOM'S Diane,0.150755672289
CLOUD WITNESS,MOM'S Felipe,0.204124145232
CLOUD WITNESS,MOM'S Joyce,0.213200716356
CLOUD WITNESS,MOM'S Sandra,0.138675049056
CLOUD WITNESS,MOUSE,0.353553390593
CLOUD WITNESS,PIZZA BEAR,0.0
CLOUD WITNESS,PIZZA SLICE,0.408248290464
CLOUD WITNESS,RILEY,0.0617802063215
CLOUD WITNESS,RILEY VOICE,0.0
CLOUD WITNESS,SPORTS ANNOUNCER,0.0
CLOUD WITNESS,SUBCONSCIOUS GUARD DAVE,0.182574185835
CLOUD WITNESS,SUBCONSCIOUS GUARD FRANK,0.182574185835
CLOUD WITNESS,Sandra,0.0872041440394
CLOUD WITNESS,TEACHER,0.0
CLOUD WITNESS,TRAIN ENGINEER,0.0
CLOUD WITNESS,WORKER #1,0.25
CLOUD WITNESS,WORKER FRITZ,0.267261241912
CLOUD WITNESS,YOUNG RILEY,0.204124145232
DAD,DAD,1.0
DAD,DAD'S Angelo,0.169790543991
DAD,DAD'S Felipe,0.099380799
DAD,DREAM DIRECTOR,0.110656667034
DAD,DREAM PRODUCTIONS COP #1,0.099380799
DAD,DREAM STUDENT #1,0.076980035892
DAD,DREAM STUDENT #2,0.175682092232
DAD,Diane,0.294168545674
DAD,EXTRA,0.157959700736
DAD,FEMALE FORGETTER,0.188178162327
DAD,Felipe,0.280427273606
DAD,GIRL ALARM,0.12171612389
DAD,GUM MEMORY,0.0702728368926
DAD,HELICOPTER PILOT,0.099380799
DAD,HOCKEY COACH,0.060858061945
DAD,HOCKEY TEAMMATE,0.099380799
DAD,HOUSE OF CARDS WORKER,0.0430331482912
DAD,IMAGINARY BOYFRIEND,0.105409255339
DAD,IMAGINARY BOYFRIENDS,0.12171612389
DAD,JANGLES,0.10886621079
DAD,Joyce,0.260931229221
DAD,MALE FORGETTER,0.0954819832053
DAD,MEG,0.149822191658
DAD,MIND WORKER COP #1,0.167093470609
DAD,MIND WORKER COP #2,0.0
DAD,MOM,0.356194378691
DAD,MOM'S Angelo,0.104370715181
DAD,MOM'S Diane,0.183493960854
DAD,MOM'S Felipe,0.198761598
DAD,MOM'S Joyce,0.207599718443
DAD,MOM'S Sandra,0.185668883965
DAD,MOUSE,0.129099444874
DAD,PIZZA BEAR,0.038490017946
DAD,PIZZA SLICE,0.099380799
DAD,RILEY,0.293266242617
DAD,RILEY VOICE,0.076980035892
DAD,SPORTS ANNOUNCER,0.0975900072949
DAD,SUBCONSCIOUS GUARD DAVE,0.155555555556
DAD,SUBCONSCIOUS GUARD FRANK,0.2
DAD,Sandra,0.249432534391
DAD,TEACHER,0.247327411072
DAD,TRAIN ENGINEER,0.0860662965824
DAD,WORKER #1,0.152145154863
DAD,WORKER FRITZ,0.162650012158
DAD,YOUNG RILEY,0.099380799
DAD'S Angelo,DAD'S Angelo,1.0
DAD'S Angelo,DAD'S Felipe,0.158192999292
DAD'S Angelo,DREAM DIRECTOR,0.0939422784602
DAD'S Angelo,DREAM PRODUCTIONS COP #1,0.0949157995752
DAD'S Angelo,DREAM STUDENT #1,0.147042924419
DAD'S Angelo,DREAM STUDENT #2,0.201346816564
DAD'S Angelo,Diane,0.179809334622
DAD'S Angelo,EXTRA,0.0754314286405
DAD'S Angelo,FEMALE FORGETTER,0.154048849789
DAD'S Angelo,Felipe,0.178552122508
DAD'S Angelo,GIRL ALARM,0.116247638744
DAD'S Angelo,GUM MEMORY,0.134231211043
DAD'S Angelo,HELICOPTER PILOT,0.0949157995752
DAD'S Angelo,HOCKEY COACH,0.0581238193719
DAD'S Angelo,HOCKEY TEAMMATE,0.0949157995752
DAD'S Angelo,HOUSE OF CARDS WORKER,0.0821994936527
DAD'S Angelo,IMAGINARY BOYFRIEND,0.0671156055214
DAD'S Angelo,IMAGINARY BOYFRIENDS,0.116247638744
DAD'S Angelo,JANGLES,0.103975048982
DAD'S Angelo,Joyce,0.14537136913
DAD'S Angelo,MALE FORGETTER,0.159586263406
DAD'S Angelo,MEG,0.114472761406
DAD'S Angelo,MIND WORKER COP #1,0.182384301035
DAD'S Angelo,MIND WORKER COP #2,0.0
DAD'S Angelo,MOM,0.128374041491
DAD'S Angelo,MOM'S Angelo,0.159490444566
DAD'S Angelo,MOM'S Diane,0.105149945585
DAD'S Angelo,MOM'S Felipe,0.0949157995752
DAD'S Angelo,MOM'S Joyce,0.0991363194193
DAD'S Angelo,MOM'S Sandra,0.128965176044
DAD'S Angelo,MOUSE,0.164398987305
DAD'S Angelo,PIZZA BEAR,0.0735214622094
DAD'S Angelo,PIZZA SLICE,0.0949157995752
DAD'S Angelo,RILEY,0.172363274544
DAD'S Angelo,RILEY VOICE,0.0
DAD'S Angelo,SPORTS ANNOUNCER,0.0621369766001
DAD'S Angelo,SUBCONSCIOUS GUARD DAVE,0.169790543991
DAD'S Angelo,SUBCONSCIOUS GUARD FRANK,0.127342907993
DAD'S Angelo,Sandra,0.162196413332
DAD'S Angelo,TEACHER,0.0590538595357
DAD'S Angelo,TRAIN ENGINEER,0.0
DAD'S Angelo,WORKER #1,0.174371458116
DAD'S Angelo,WORKER FRITZ,0.1242739532
DAD'S Angelo,YOUNG RILEY,0.142373699363
DAD'S Felipe,DAD'S Felipe,1.0
DAD'S Felipe,DREAM DIRECTOR,0.0824786098842
DAD'S Felipe,DREAM PRODUCTIONS COP #1,0.111111111111
DAD'S Felipe,DREAM STUDENT #1,0.0860662965824
DAD'S Felipe,DREAM STUDENT #2,0.0785674201318
DAD'S Felipe,Diane,0.105244938395
DAD'S Felipe,EXTRA,0.0441510785688
DAD'S Felipe,FEMALE FORGETTER,0.0601113089778
DAD'S Felipe,Felipe,0.0860662965824
DAD'S Felipe,GIRL ALARM,0.136082763488
DAD'S Felipe,GUM MEMORY,0.0785674201318
DAD'S Felipe,HELICOPTER PILOT,0.0
DAD'S Felipe,HOCKEY COACH,0.068041381744
DAD'S Felipe,HOCKEY TEAMMATE,0.111111111111
DAD'S Felipe,HOUSE OF CARDS WORKER,0.0962250448649
DAD'S Felipe,IMAGINARY BOYFRIEND,0.0785674201318
DAD'S Felipe,IMAGINARY BOYFRIENDS,0.136082763488
DAD'S Felipe,JANGLES,0.060858061945
DAD'S Felipe,Joyce,0.0891397170265
DAD'S Felipe,MALE FORGETTER,0.0800640769025
DAD'S Felipe,MEG,0.100503781526
DAD'S Felipe,MIND WORKER COP #1,0.106752102537
DAD'S Felipe,MIND WORKER COP #2,0.0
DAD'S Felipe,MOM,0.0601113089778
DAD'S Felipe,MOM'S Angelo,0.0933520056019
DAD'S Felipe,MOM'S Diane,0.123091490979
DAD'S Felipe,MOM'S Felipe,0.111111111111
DAD'S Felipe,MOM'S Joyce,0.116051770637
DAD'S Felipe,MOM'S Sandra,0.0754851356096
DAD'S Felipe,MOUSE,0.0962250448649
DAD'S Felipe,PIZZA BEAR,0.0860662965824
DAD'S Felipe,PIZZA SLICE,0.111111111111
DAD'S Felipe,RILEY,0.0504433272305
DAD'S Felipe,RILEY VOICE,0.0
DAD'S Felipe,SPORTS ANNOUNCER,0.0
DAD'S Felipe,SUBCONSCIOUS GUARD DAVE,0.099380799
DAD'S Felipe,SUBCONSCIOUS GUARD FRANK,0.1490711985
DAD'S Felipe,Sandra,0.0949358472679
DAD'S Felipe,TEACHER,0.034565056491
DAD'S Felipe,TRAIN ENGINEER,0.0
DAD'S Felipe,WORKER #1,0.204124145232
DAD'S Felipe,WORKER FRITZ,0.0727392967453
DAD'S Felipe,YOUNG RILEY,0.111111111111
DREAM DIRECTOR,DREAM DIRECTOR,1.0
DREAM DIRECTOR,DREAM PRODUCTIONS COP #1,0.0824786098842
DREAM DIRECTOR,DREAM STUDENT #1,0.0638876565
DREAM DIRECTOR,DREAM STUDENT #2,0.116642368704
DREAM DIRECTOR,Diane,0.126951672162
DREAM DIRECTOR,EXTRA,0.0983210288017
DREAM DIRECTOR,FEMALE FORGETTER,0.178484299301
DREAM DIRECTOR,Felipe,0.155155737214
DREAM DIRECTOR,GIRL ALARM,0.101015254455
DREAM DIRECTOR,GUM MEMORY,0.058321184352
DREAM DIRECTOR,HELICOPTER PILOT,0.0
DREAM DIRECTOR,HOCKEY COACH,0.0505076272276
DREAM DIRECTOR,HOCKEY TEAMMATE,0.247435829653
DREAM DIRECTOR,HOUSE OF CARDS WORKER,0.0714285714286
DREAM DIRECTOR,IMAGINARY BOYFRIEND,0.116642368704
DREAM DIRECTOR,IMAGINARY BOYFRIENDS,0.20203050891
DREAM DIRECTOR,JANGLES,0.0451753951453
DREAM DIRECTOR,Joyce,0.150384271619
DREAM DIRECTOR,MALE FORGETTER,0.0594321638813
DREAM DIRECTOR,MEG,0.0746047096953
DREAM DIRECTOR,MIND WORKER COP #1,0.118864327763
DREAM DIRECTOR,MIND WORKER COP #2,0.0
DREAM DIRECTOR,MOM,0.189639568008
DREAM DIRECTOR,MOM'S Angelo,0.103943839301
DREAM DIRECTOR,MOM'S Diane,0.091371735581
DREAM DIRECTOR,MOM'S Felipe,0.123717914826
DREAM DIRECTOR,MOM'S Joyce,0.129219147676
DREAM DIRECTOR,MOM'S Sandra,0.0840497722021
DREAM DIRECTOR,MOUSE,0.142857142857
DREAM DIRECTOR,PIZZA BEAR,0.0638876565
DREAM DIRECTOR,PIZZA SLICE,0.0824786098842
DREAM DIRECTOR,RILEY,0.149777838285
DREAM DIRECTOR,RILEY VOICE,0.0638876565
DREAM DIRECTOR,SPORTS ANNOUNCER,0.0
DREAM DIRECTOR,SUBCONSCIOUS GUARD DAVE,0.110656667034
DREAM DIRECTOR,SUBCONSCIOUS GUARD FRANK,0.110656667034
DREAM DIRECTOR,Sandra,0.140943180795
DREAM DIRECTOR,TEACHER,0.153947401737
DREAM DIRECTOR,TRAIN ENGINEER,0.0714285714286
DREAM DIRECTOR,WORKER #1,0.20203050891
DREAM DIRECTOR,WORKER FRITZ,0.0539949247156
DREAM DIRECTOR,YOUNG RILEY,0.164957219768
DREAM PRODUCTIONS COP #1,DREAM PRODUCTIONS COP #1,1.0
DREAM PRODUCTIONS COP #1,DREAM STUDENT #1,0.258198889747
DREAM PRODUCTIONS COP #1,DREAM STUDENT #2,0.235702260396
DREAM PRODUCTIONS COP #1,Diane,0.0789337037964
DREAM PRODUCTIONS COP #1,EXTRA,0.0
DREAM PRODUCTIONS COP #1,FEMALE FORGETTER,0.0901669634667
DREAM PRODUCTIONS COP #1,Felipe,0.110656667034
DREAM PRODUCTIONS COP #1,GIRL ALARM,0.408248290464
DREAM PRODUCTIONS COP #1,GUM MEMORY,0.235702260396
DREAM PRODUCTIONS COP #1,HELICOPTER PILOT,0.0
DREAM PRODUCTIONS COP #1,HOCKEY COACH,0.204124145232
DREAM PRODUCTIONS COP #1,HOCKEY TEAMMATE,0.0
DREAM PRODUCTIONS COP #1,HOUSE OF CARDS WORKER,0.288675134595
DREAM PRODUCTIONS COP #1,IMAGINARY BOYFRIEND,0.235702260396
DREAM PRODUCTIONS COP #1,IMAGINARY BOYFRIENDS,0.408248290464
DREAM PRODUCTIONS COP #1,JANGLES,0.0
DREAM PRODUCTIONS COP #1,Joyce,0.0729324957489
DREAM PRODUCTIONS COP #1,MALE FORGETTER,0.160128153805
DREAM PRODUCTIONS COP #1,MEG,0.100503781526
DREAM PRODUCTIONS COP #1,MIND WORKER COP #1,0.160128153805
DREAM PRODUCTIONS COP #1,MIND WORKER COP #2,0.0
DREAM PRODUCTIONS COP #1,MOM,0.0901669634667
DREAM PRODUCTIONS COP #1,MOM'S Angelo,0.280056016806
DREAM PRODUCTIONS COP #1,MOM'S Diane,0.123091490979
DREAM PRODUCTIONS COP #1,MOM'S Felipe,0.166666666667
DREAM PRODUCTIONS COP #1,MOM'S Joyce,0.174077655956
DREAM PRODUCTIONS COP #1,MOM'S Sandra,0.113227703414
DREAM PRODUCTIONS COP #1,MOUSE,0.288675134595
DREAM PRODUCTIONS COP #1,PIZZA BEAR,0.0
DREAM PRODUCTIONS COP #1,PIZZA SLICE,0.333333333333
DREAM PRODUCTIONS COP #1,RILEY,0.100886654461
DREAM PRODUCTIONS COP #1,RILEY VOICE,0.0
DREAM PRODUCTIONS COP #1,SPORTS ANNOUNCER,0.0
DREAM PRODUCTIONS COP #1,SUBCONSCIOUS GUARD DAVE,0.1490711985
DREAM PRODUCTIONS COP #1,SUBCONSCIOUS GUARD FRANK,0.1490711985
DREAM PRODUCTIONS COP #1,Sandra,0.106802828176
DREAM PRODUCTIONS COP #1,TEACHER,0.0
DREAM PRODUCTIONS COP #1,TRAIN ENGINEER,0.0
DREAM PRODUCTIONS COP #1,WORKER #1,0.204124145232
DREAM PRODUCTIONS COP #1,WORKER FRITZ,0.218217890236
DREAM PRODUCTIONS COP #1,YOUNG RILEY,0.166666666667
DREAM STUDENT #1,DREAM STUDENT #1,1.0
DREAM STUDENT #1,DREAM STUDENT #2,0.36514837167
DREAM STUDENT #1,Diane,0.0917126760774
DREAM STUDENT #1,EXTRA,0.0
DREAM STUDENT #1,FEMALE FORGETTER,0.139686059154
DREAM STUDENT #1,Felipe,0.114285714286
DREAM STUDENT #1,GIRL ALARM,0.316227766017
DREAM STUDENT #1,GUM MEMORY,0.182574185835
DREAM STUDENT #1,HELICOPTER PILOT,0.0
DREAM STUDENT #1,HOCKEY COACH,0.158113883008
DREAM STUDENT #1,HOCKEY TEAMMATE,0.0
DREAM STUDENT #1,HOUSE OF CARDS WORKER,0.22360679775
DREAM STUDENT #1,IMAGINARY BOYFRIEND,0.182574185835
DREAM STUDENT #1,IMAGINARY BOYFRIENDS,0.316227766017
DREAM STUDENT #1,JANGLES,0.0
DREAM STUDENT #1,Joyce,0.0376621788577
DREAM STUDENT #1,MALE FORGETTER,0.124034734589
DREAM STUDENT #1,MEG,0.155699788832
DREAM STUDENT #1,MIND WORKER COP #1,0.124034734589
DREAM STUDENT #1,MIND WORKER COP #2,0.0
DREAM STUDENT #1,MOM,0.069843029577
DREAM STUDENT #1,MOM'S Angelo,0.108465228909
DREAM STUDENT #1,MOM'S Diane,0.0953462589246
DREAM STUDENT #1,MOM'S Felipe,0.129099444874
DREAM STUDENT #1,MOM'S Joyce,0.134839972493
DREAM STUDENT #1,MOM'S Sandra,0.0877058019307
DREAM STUDENT #1,MOUSE,0.22360679775
DREAM STUDENT #1,PIZZA BEAR,0.0
DREAM STUDENT #1,PIZZA SLICE,0.258198889747
DREAM STUDENT #1,RILEY,0.0781464665165
DREAM STUDENT #1,RILEY VOICE,0.0
DREAM STUDENT #1,SPORTS ANNOUNCER,0.0
DREAM STUDENT #1,SUBCONSCIOUS GUARD DAVE,0.230940107676
DREAM STUDENT #1,SUBCONSCIOUS GUARD FRANK,0.115470053838
DREAM STUDENT #1,Sandra,0.082729114971
DREAM STUDENT #1,TEACHER,0.0
DREAM STUDENT #1,TRAIN ENGINEER,0.0
DREAM STUDENT #1,WORKER #1,0.316227766017
DREAM STUDENT #1,WORKER FRITZ,0.169030850946
DREAM STUDENT #1,YOUNG RILEY,0.258198889747
DREAM STUDENT #2,DREAM STUDENT #2,1.0
DREAM STUDENT #2,Diane,0.111629114437
DREAM STUDENT #2,EXTRA,0.0
DREAM STUDENT #2,FEMALE FORGETTER,0.191273013919
DREAM STUDENT #2,Felipe,0.130410132739
DREAM STUDENT #2,GIRL ALARM,0.288675134595
DREAM STUDENT #2,GUM MEMORY,0.166666666667
DREAM STUDENT #2,HELICOPTER PILOT,0.235702260396
DREAM STUDENT #2,HOCKEY COACH,0.144337567297
DREAM STUDENT #2,HOCKEY TEAMMATE,0.0
DREAM STUDENT #2,HOUSE OF CARDS WORKER,0.204124145232
DREAM STUDENT #2,IMAGINARY BOYFRIEND,0.166666666667
DREAM STUDENT #2,IMAGINARY BOYFRIENDS,0.288675134595
DREAM STUDENT #2,JANGLES,0.0
DREAM STUDENT #2,Joyce,0.0859517705216
DREAM STUDENT #2,MALE FORGETTER,0.113227703414
DREAM STUDENT #2,MEG,0.142133810904
DREAM STUDENT #2,MIND WORKER COP #1,0.339683110243
DREAM STUDENT #2,MIND WORKER COP #2,0.0
DREAM STUDENT #2,MOM,0.127515342613
DREAM STUDENT #2,MOM'S Angelo,0.0990147542977
DREAM STUDENT #2,MOM'S Diane,0.0870388279778
DREAM STUDENT #2,MOM'S Felipe,0.117851130198
DREAM STUDENT #2,MOM'S Joyce,0.123091490979
DREAM STUDENT #2,MOM'S Sandra,0.0800640769025
DREAM STUDENT #2,MOUSE,0.408248290464
DREAM STUDENT #2,PIZZA BEAR,0.0
DREAM STUDENT #2,PIZZA SLICE,0.235702260396
DREAM STUDENT #2,RILEY,0.178344093752
DREAM STUDENT #2,RILEY VOICE,0.0
DREAM STUDENT #2,SPORTS ANNOUNCER,0.154303349962
DREAM STUDENT #2,SUBCONSCIOUS GUARD DAVE,0.316227766017
DREAM STUDENT #2,SUBCONSCIOUS GUARD FRANK,0.105409255339
DREAM STUDENT #2,Sandra,0.0503473360356
DREAM STUDENT #2,TEACHER,0.0
DREAM STUDENT #2,TRAIN ENGINEER,0.0
DREAM STUDENT #2,WORKER #1,0.288675134595
DREAM STUDENT #2,WORKER FRITZ,0.154303349962
DREAM STUDENT #2,YOUNG RILEY,0.235702260396
Diane,Diane,1.0
Diane,EXTRA,0.078412683556
Diane,FEMALE FORGETTER,0.170813097276
Diane,Felipe,0.410523407203
Diane,GIRL ALARM,0.0966736489046
Diane,GUM MEMORY,0.0837218358279
Diane,HELICOPTER PILOT,0.0394668518982
Diane,HOCKEY COACH,0.0966736489046
Diane,HOCKEY TEAMMATE,0.0789337037964
Diane,HOUSE OF CARDS WORKER,0.0683585927025
Diane,IMAGINARY BOYFRIEND,0.139536393046
Diane,IMAGINARY BOYFRIENDS,0.0966736489046
Diane,JANGLES,0.0864675402334
Diane,Joyce,0.299355264862
Diane,MALE FORGETTER,0.113755574357
Diane,MEG,0.166595850149
Diane,MIND WORKER COP #1,0.113755574357
Diane,MIND WORKER COP #2,0.0
Diane,MOM,0.277571283074
Diane,MOM'S Angelo,0.149214546069
Diane,MOM'S Diane,0.204037413065
Diane,MOM'S Felipe,0.138133981644
Diane,MOM'S Joyce,0.144276238394
Diane,MOM'S Sandra,0.160874676052
Diane,MOUSE,0.136717185405
Diane,PIZZA BEAR,0.0917126760774
Diane,PIZZA SLICE,0.0394668518982
Diane,RILEY,0.268763308883
Diane,RILEY VOICE,0.0917126760774
Diane,SPORTS ANNOUNCER,0.0258371194664
Diane,SUBCONSCIOUS GUARD DAVE,0.158851014664
Diane,SUBCONSCIOUS GUARD FRANK,0.176501127405
Diane,Sandra,0.311922683744
Diane,TEACHER,0.171885919638
Diane,TRAIN ENGINEER,0.102537889054
Diane,WORKER #1,0.120842061131
Diane,WORKER FRITZ,0.0516742389329
Diane,YOUNG RILEY,0.138133981644
EXTRA,EXTRA,1.0
EXTRA,FEMALE FORGETTER,0.107486154585
EXTRA,Felipe,0.102597835209
EXTRA,GIRL ALARM,0.0
EXTRA,GUM MEMORY,0.0
EXTRA,HELICOPTER PILOT,0.0
EXTRA,HOCKEY COACH,0.0
EXTRA,HOCKEY TEAMMATE,0.264906471413
EXTRA,HOUSE OF CARDS WORKER,0.0
EXTRA,IMAGINARY BOYFRIEND,0.187317162316
EXTRA,IMAGINARY BOYFRIENDS,0.162221421131
EXTRA,JANGLES,0.072547625011
EXTRA,Joyce,0.096601450501
EXTRA,MALE FORGETTER,0.0318142381488
EXTRA,MEG,0.159744612766
EXTRA,MIND WORKER COP #1,0.0636284762976
EXTRA,MIND WORKER COP #2,0.0
EXTRA,MOM,0.125400513683
EXTRA,MOM'S Angelo,0.0556414884075
EXTRA,MOM'S Diane,0.0978231976089
EXTRA,MOM'S Felipe,0.0662266178533
EXTRA,MOM'S Joyce,0.0691714463866
EXTRA,MOM'S Sandra,0.0449921270666
EXTRA,MOUSE,0.114707866935
EXTRA,PIZZA BEAR,0.102597835209
EXTRA,PIZZA SLICE,0.0
EXTRA,RILEY,0.100220728672
EXTRA,RILEY VOICE,0.102597835209
EXTRA,SPORTS ANNOUNCER,0.0
EXTRA,SUBCONSCIOUS GUARD DAVE,0.0592348877759
EXTRA,SUBCONSCIOUS GUARD FRANK,0.0592348877759
EXTRA,Sandra,0.0848782810474
EXTRA,TEACHER,0.329634257372
EXTRA,TRAIN ENGINEER,0.114707866935
EXTRA,WORKER #1,0.162221421131
EXTRA,WORKER FRITZ,0.0867109969524
EXTRA,YOUNG RILEY,0.132453235707
FEMALE FORGETTER,FEMALE FORGETTER,1.0
FEMALE FORGETTER,Felipe,0.149663634808
FEMALE FORGETTER,GIRL ALARM,0.110431526075
FEMALE FORGETTER,GUM MEMORY,0.0637576713063
FEMALE FORGETTER,HELICOPTER PILOT,0.0901669634667
FEMALE FORGETTER,HOCKEY COACH,0.110431526075
FEMALE FORGETTER,HOCKEY TEAMMATE,0.180333926933
FEMALE FORGETTER,HOUSE OF CARDS WORKER,0.0780868809443
FEMALE FORGETTER,IMAGINARY BOYFRIEND,0.127515342613
FEMALE FORGETTER,IMAGINARY BOYFRIENDS,0.22086305215
FEMALE FORGETTER,JANGLES,0.0493864798325
FEMALE FORGETTER,Joyce,0.164402541993
FEMALE FORGETTER,MALE FORGETTER,0.194916636821
FEMALE FORGETTER,MEG,0.163118174348
FEMALE FORGETTER,MIND WORKER COP #1,0.17325923273
FEMALE FORGETTER,MIND WORKER COP #2,0.0780868809443
FEMALE FORGETTER,MOM,0.158536585366
FEMALE FORGETTER,MOM'S Angelo,0.113633102862
FEMALE FORGETTER,MOM'S Diane,0.166481789553
FEMALE FORGETTER,MOM'S Felipe,0.180333926933
FEMALE FORGETTER,MOM'S Joyce,0.188352643739
FEMALE FORGETTER,MOM'S Sandra,0.18376916755
FEMALE FORGETTER,MOUSE,0.234260642833
FEMALE FORGETTER,PIZZA BEAR,0.069843029577
FEMALE FORGETTER,PIZZA SLICE,0.0901669634667
FEMALE FORGETTER,RILEY,0.204674473959
FEMALE FORGETTER,RILEY VOICE,0.069843029577
FEMALE FORGETTER,SPORTS ANNOUNCER,0.0590281336101
FEMALE FORGETTER,SUBCONSCIOUS GUARD DAVE,0.201619459636
FEMALE FORGETTER,SUBCONSCIOUS GUARD FRANK,0.241943351564
FEMALE FORGETTER,Sandra,0.202231820833
FEMALE FORGETTER,TEACHER,0.140248178363
FEMALE FORGETTER,TRAIN ENGINEER,0.0780868809443
FEMALE FORGETTER,WORKER #1,0.22086305215
FEMALE FORGETTER,WORKER FRITZ,0.0590281336101
FEMALE FORGETTER,YOUNG RILEY,0.225417408667
Felipe,Felipe,1.0
Felipe,GIRL ALARM,0.0903507902905
Felipe,GUM MEMORY,0.0521640530957
Felipe,HELICOPTER PILOT,0.0
Felipe,HOCKEY COACH,0.112938487863
Felipe,HOCKEY TEAMMATE,0.0737711113563
Felipe,HOUSE OF CARDS WORKER,0.03194382825
Felipe,IMAGINARY BOYFRIEND,0.104328106191
Felipe,IMAGINARY BOYFRIENDS,0.0903507902905
Felipe,JANGLES,0.101015254455
Felipe,Joyce,0.33895960972
Felipe,MALE FORGETTER,0.124034734589
Felipe,MEG,0.144578375344
Felipe,MIND WORKER COP #1,0.159473230186
Felipe,MIND WORKER COP #2,0.0
Felipe,MOM,0.299327269616
Felipe,MOM'S Angelo,0.108465228909
Felipe,MOM'S Diane,0.163450729585
Felipe,MOM'S Felipe,0.129099444874
Felipe,MOM'S Joyce,0.134839972493
Felipe,MOM'S Sandra,0.175411603861
Felipe,MOUSE,0.0638876565
Felipe,PIZZA BEAR,0.0857142857143
Felipe,PIZZA SLICE,0.0368855556782
Felipe,RILEY,0.290258304204
Felipe,RILEY VOICE,0.0285714285714
Felipe,SPORTS ANNOUNCER,0.0241472644208
Felipe,SUBCONSCIOUS GUARD DAVE,0.164957219768
Felipe,SUBCONSCIOUS GUARD FRANK,0.181452941745
Felipe,Sandra,0.358492831541
Felipe,TEACHER,0.183592989463
Felipe,TRAIN ENGINEER,0.09583148475
Felipe,WORKER #1,0.158113883008
Felipe,WORKER FRITZ,0.120736322104
Felipe,YOUNG RILEY,0.129099444874
GIRL ALARM,GIRL ALARM,1.0
GIRL ALARM,GUM MEMORY,0.288675134595
GIRL ALARM,HELICOPTER PILOT,0.0
GIRL ALARM,HOCKEY COACH,0.25
GIRL ALARM,HOCKEY TEAMMATE,0.0
GIRL ALARM,HOUSE OF CARDS WORKER,0.353553390593
GIRL ALARM,IMAGINARY BOYFRIEND,0.288675134595
GIRL ALARM,IMAGINARY BOYFRIENDS,0.5
GIRL ALARM,JANGLES,0.22360679775
GIRL ALARM,Joyce,0.0595491334175
GIRL ALARM,MALE FORGETTER,0.0980580675691
GIRL ALARM,MEG,0.246182981959
GIRL ALARM,MIND WORKER COP #1,0.196116135138
GIRL ALARM,MIND WORKER COP #2,0.0
GIRL ALARM,MOM,0.110431526075
GIRL ALARM,MOM'S Angelo,0.171498585143
GIRL ALARM,MOM'S Diane,0.150755672289
GIRL ALARM,MOM'S Felipe,0.204124145232
GIRL ALARM,MOM'S Joyce,0.213200716356
GIRL ALARM,MOM'S Sandra,0.138675049056
GIRL ALARM,MOUSE,0.353553390593
GIRL ALARM,PIZZA BEAR,0.0
GIRL ALARM,PIZZA SLICE,0.408248290464
GIRL ALARM,RILEY,0.0617802063215
GIRL ALARM,RILEY VOICE,0.0
GIRL ALARM,SPORTS ANNOUNCER,0.0
GIRL ALARM,SUBCONSCIOUS GUARD DAVE,0.182574185835
GIRL ALARM,SUBCONSCIOUS GUARD FRANK,0.182574185835
GIRL ALARM,Sandra,0.0436020720197
GIRL ALARM,TEACHER,0.0
GIRL ALARM,TRAIN ENGINEER,0.0
GIRL ALARM,WORKER #1,0.25
GIRL ALARM,WORKER FRITZ,0.267261241912
GIRL ALARM,YOUNG RILEY,0.204124145232
GUM MEMORY,GUM MEMORY,1.0
GUM MEMORY,HELICOPTER PILOT,0.0
GUM MEMORY,HOCKEY COACH,0.144337567297
GUM MEMORY,HOCKEY TEAMMATE,0.0
GUM MEMORY,HOUSE OF CARDS WORKER,0.204124145232
GUM MEMORY,IMAGINARY BOYFRIEND,0.166666666667
GUM MEMORY,IMAGINARY BOYFRIENDS,0.288675134595
GUM MEMORY,JANGLES,0.0
GUM MEMORY,Joyce,0.0687614164173
GUM MEMORY,MALE FORGETTER,0.339683110243
GUM MEMORY,MEG,0.0710669054519
GUM MEMORY,MIND WORKER COP #1,0.113227703414
GUM MEMORY,MIND WORKER COP #2,0.0
GUM MEMORY,MOM,0.0956365069595
GUM MEMORY,MOM'S Angelo,0.0990147542977
GUM MEMORY,MOM'S Diane,0.174077655956
GUM MEMORY,MOM'S Felipe,0.117851130198
GUM MEMORY,MOM'S Joyce,0.123091490979
GUM MEMORY,MOM'S Sandra,0.0800640769025
GUM MEMORY,MOUSE,0.204124145232
GUM MEMORY,PIZZA BEAR,0.0
GUM MEMORY,PIZZA SLICE,0.235702260396
GUM MEMORY,RILEY,0.107006456251
GUM MEMORY,RILEY VOICE,0.0
GUM MEMORY,SPORTS ANNOUNCER,0.0
GUM MEMORY,SUBCONSCIOUS GUARD DAVE,0.105409255339
GUM MEMORY,SUBCONSCIOUS GUARD FRANK,0.105409255339
GUM MEMORY,Sandra,0.0755210040534
GUM MEMORY,TEACHER,0.0
GUM MEMORY,TRAIN ENGINEER,0.0
GUM MEMORY,WORKER #1,0.144337567297
GUM MEMORY,WORKER FRITZ,0.154303349962
GUM MEMORY,YOUNG RILEY,0.117851130198
HELICOPTER PILOT,HELICOPTER PILOT,1.0
HELICOPTER PILOT,HOCKEY COACH,0.0
HELICOPTER PILOT,HOCKEY TEAMMATE,0.0
HELICOPTER PILOT,HOUSE OF CARDS WORKER,0.0
HELICOPTER PILOT,IMAGINARY BOYFRIEND,0.0
HELICOPTER PILOT,IMAGINARY BOYFRIENDS,0.0
HELICOPTER PILOT,JANGLES,0.0
HELICOPTER PILOT,Joyce,0.0243108319163
HELICOPTER PILOT,MALE FORGETTER,0.0
HELICOPTER PILOT,MEG,0.0
HELICOPTER PILOT,MIND WORKER COP #1,0.160128153805
HELICOPTER PILOT,MIND WORKER COP #2,0.0
HELICOPTER PILOT,MOM,0.0
HELICOPTER PILOT,MOM'S Angelo,0.0
HELICOPTER PILOT,MOM'S Diane,0.0
HELICOPTER PILOT,MOM'S Felipe,0.0
HELICOPTER PILOT,MOM'S Joyce,0.0
HELICOPTER PILOT,MOM'S Sandra,0.0
HELICOPTER PILOT,MOUSE,0.288675134595
HELICOPTER PILOT,PIZZA BEAR,0.0
HELICOPTER PILOT,PIZZA SLICE,0.0
HELICOPTER PILOT,RILEY,0.0504433272305
HELICOPTER PILOT,RILEY VOICE,0.0
HELICOPTER PILOT,SPORTS ANNOUNCER,0.218217890236
HELICOPTER PILOT,SUBCONSCIOUS GUARD DAVE,0.0
HELICOPTER PILOT,SUBCONSCIOUS GUARD FRANK,0.0
HELICOPTER PILOT,Sandra,0.0
HELICOPTER PILOT,TEACHER,0.0
HELICOPTER PILOT,TRAIN ENGINEER,0.0
HELICOPTER PILOT,WORKER #1,0.0
HELICOPTER PILOT,WORKER FRITZ,0.0
HELICOPTER PILOT,YOUNG RILEY,0.0
HOCKEY COACH,HOCKEY COACH,1.0
HOCKEY COACH,HOCKEY TEAMMATE,0.0
HOCKEY COACH,HOUSE OF CARDS WORKER,0.176776695297
HOCKEY COACH,IMAGINARY BOYFRIEND,0.144337567297
HOCKEY COACH,IMAGINARY BOYFRIENDS,0.25
HOCKEY COACH,JANGLES,0.0
HOCKEY COACH,Joyce,0.0595491334175
HOCKEY COACH,MALE FORGETTER,0.0490290337845
HOCKEY COACH,MEG,0.0615457454897
HOCKEY COACH,MIND WORKER COP #1,0.0980580675691
HOCKEY COACH,MIND WORKER COP #2,0.0
HOCKEY COACH,MOM,0.0828236445561
HOCKEY COACH,MOM'S Angelo,0.0857492925713
HOCKEY COACH,MOM'S Diane,0.0753778361444
HOCKEY COACH,MOM'S Felipe,0.102062072616
HOCKEY COACH,MOM'S Joyce,0.106600358178
HOCKEY COACH,MOM'S Sandra,0.208012573584
HOCKEY COACH,MOUSE,0.176776695297
HOCKEY COACH,PIZZA BEAR,0.0
HOCKEY COACH,PIZZA SLICE,0.204124145232
HOCKEY COACH,RILEY,0.123560412643
HOCKEY COACH,RILEY VOICE,0.158113883008
HOCKEY COACH,SPORTS ANNOUNCER,0.0
HOCKEY COACH,SUBCONSCIOUS GUARD DAVE,0.0912870929175
HOCKEY COACH,SUBCONSCIOUS GUARD FRANK,0.273861278753
HOCKEY COACH,Sandra,0.0654031080295
HOCKEY COACH,TEACHER,0.0635000635001
HOCKEY COACH,TRAIN ENGINEER,0.0
HOCKEY COACH,WORKER #1,0.125
HOCKEY COACH,WORKER FRITZ,0.133630620956
HOCKEY COACH,YOUNG RILEY,0.102062072616
HOCKEY TEAMMATE,HOCKEY TEAMMATE,1.0
HOCKEY TEAMMATE,HOUSE OF CARDS WORKER,0.0
HOCKEY TEAMMATE,IMAGINARY BOYFRIEND,0.235702260396
HOCKEY TEAMMATE,IMAGINARY BOYFRIENDS,0.408248290464
HOCKEY TEAMMATE,JANGLES,0.182574185835
HOCKEY TEAMMATE,Joyce,0.0486216638326
HOCKEY TEAMMATE,MALE FORGETTER,0.0800640769025
HOCKEY TEAMMATE,MEG,0.100503781526
HOCKEY TEAMMATE,MIND WORKER COP #1,0.160128153805
HOCKEY TEAMMATE,MIND WORKER COP #2,0.0
HOCKEY TEAMMATE,MOM,0.0901669634667
HOCKEY TEAMMATE,MOM'S Angelo,0.140028008403
HOCKEY TEAMMATE,MOM'S Diane,0.123091490979
HOCKEY TEAMMATE,MOM'S Felipe,0.166666666667
HOCKEY TEAMMATE,MOM'S Joyce,0.174077655956
HOCKEY TEAMMATE,MOM'S Sandra,0.113227703414
HOCKEY TEAMMATE,MOUSE,0.288675134595
HOCKEY TEAMMATE,PIZZA BEAR,0.258198889747
HOCKEY TEAMMATE,PIZZA SLICE,0.0
HOCKEY TEAMMATE,RILEY,0.100886654461
HOCKEY TEAMMATE,RILEY VOICE,0.258198889747
HOCKEY TEAMMATE,SPORTS ANNOUNCER,0.0
HOCKEY TEAMMATE,SUBCONSCIOUS GUARD DAVE,0.1490711985
HOCKEY TEAMMATE,SUBCONSCIOUS GUARD FRANK,0.1490711985
HOCKEY TEAMMATE,Sandra,0.0712018854509
HOCKEY TEAMMATE,TEACHER,0.207390338946
HOCKEY TEAMMATE,TRAIN ENGINEER,0.288675134595
HOCKEY TEAMMATE,WORKER #1,0.408248290464
HOCKEY TEAMMATE,WORKER FRITZ,0.0
HOCKEY TEAMMATE,YOUNG RILEY,0.166666666667
HOUSE OF CARDS WORKER,HOUSE OF CARDS WORKER,1.0
HOUSE OF CARDS WORKER,IMAGINARY BOYFRIEND,0.204124145232
HOUSE OF CARDS WORKER,IMAGINARY BOYFRIENDS,0.353553390593
HOUSE OF CARDS WORKER,JANGLES,0.0
HOUSE OF CARDS WORKER,Joyce,0.0210537980267
HOUSE OF CARDS WORKER,MALE FORGETTER,0.0693375245282
HOUSE OF CARDS WORKER,MEG,0.0870388279778
HOUSE OF CARDS WORKER,MIND WORKER COP #1,0.138675049056
HOUSE OF CARDS WORKER,MIND WORKER COP #2,0.0
HOUSE OF CARDS WORKER,MOM,0.0390434404722
HOUSE OF CARDS WORKER,MOM'S Angelo,0.121267812518
HOUSE OF CARDS WORKER,MOM'S Diane,0.106600358178
HOUSE OF CARDS WORKER,MOM'S Felipe,0.144337567297
HOUSE OF CARDS WORKER,MOM'S Joyce,0.150755672289
HOUSE OF CARDS WORKER,MOM'S Sandra,0.0980580675691
HOUSE OF CARDS WORKER,MOUSE,0.25
HOUSE OF CARDS WORKER,PIZZA BEAR,0.0
HOUSE OF CARDS WORKER,PIZZA SLICE,0.288675134595
HOUSE OF CARDS WORKER,RILEY,0.0436852028331
HOUSE OF CARDS WORKER,RILEY VOICE,0.0
HOUSE OF CARDS WORKER,SPORTS ANNOUNCER,0.0
HOUSE OF CARDS WORKER,SUBCONSCIOUS GUARD DAVE,0.129099444874
HOUSE OF CARDS WORKER,SUBCONSCIOUS GUARD FRANK,0.129099444874
HOUSE OF CARDS WORKER,Sandra,0.0308313207989
HOUSE OF CARDS WORKER,TEACHER,0.0
HOUSE OF CARDS WORKER,TRAIN ENGINEER,0.0
HOUSE OF CARDS WORKER,WORKER #1,0.176776695297
HOUSE OF CARDS WORKER,WORKER FRITZ,0.188982236505
HOUSE OF CARDS WORKER,YOUNG RILEY,0.144337567297
IMAGINARY BOYFRIEND,IMAGINARY BOYFRIEND,1.0
IMAGINARY BOYFRIEND,IMAGINARY BOYFRIENDS,0.57735026919
IMAGINARY BOYFRIEND,JANGLES,0.0
IMAGINARY BOYFRIEND,Joyce,0.0687614164173
IMAGINARY BOYFRIEND,MALE FORGETTER,0.0566138517072
IMAGINARY BOYFRIEND,MEG,0.142133810904
IMAGINARY BOYFRIEND,MIND WORKER COP #1,0.113227703414
IMAGINARY BOYFRIEND,MIND WORKER COP #2,0.0
IMAGINARY BOYFRIEND,MOM,0.0956365069595
IMAGINARY BOYFRIEND,MOM'S Angelo,0.0990147542977
IMAGINARY BOYFRIEND,MOM'S Diane,0.0870388279778
IMAGINARY BOYFRIEND,MOM'S Felipe,0.117851130198
IMAGINARY BOYFRIEND,MOM'S Joyce,0.123091490979
IMAGINARY BOYFRIEND,MOM'S Sandra,0.0800640769025
IMAGINARY BOYFRIEND,MOUSE,0.612372435696
IMAGINARY BOYFRIEND,PIZZA BEAR,0.0
IMAGINARY BOYFRIEND,PIZZA SLICE,0.235702260396
IMAGINARY BOYFRIEND,RILEY,0.107006456251
IMAGINARY BOYFRIEND,RILEY VOICE,0.36514837167
IMAGINARY BOYFRIEND,SPORTS ANNOUNCER,0.0
IMAGINARY BOYFRIEND,SUBCONSCIOUS GUARD DAVE,0.105409255339
IMAGINARY BOYFRIEND,SUBCONSCIOUS GUARD FRANK,0.105409255339
IMAGINARY BOYFRIEND,Sandra,0.100694672071
IMAGINARY BOYFRIEND,TEACHER,0.146647115021
IMAGINARY BOYFRIEND,TRAIN ENGINEER,0.204124145232
IMAGINARY BOYFRIEND,WORKER #1,0.288675134595
IMAGINARY BOYFRIEND,WORKER FRITZ,0.154303349962
IMAGINARY BOYFRIEND,YOUNG RILEY,0.117851130198
IMAGINARY BOYFRIENDS,IMAGINARY BOYFRIENDS,1.0
IMAGINARY BOYFRIENDS,JANGLES,0.0
IMAGINARY BOYFRIENDS,Joyce,0.0595491334175
IMAGINARY BOYFRIENDS,MALE FORGETTER,0.0980580675691
IMAGINARY BOYFRIENDS,MEG,0.123091490979
IMAGINARY BOYFRIENDS,MIND WORKER COP #1,0.196116135138
IMAGINARY BOYFRIENDS,MIND WORKER COP #2,0.0
IMAGINARY BOYFRIENDS,MOM,0.110431526075
IMAGINARY BOYFRIENDS,MOM'S Angelo,0.171498585143
IMAGINARY BOYFRIENDS,MOM'S Diane,0.150755672289
IMAGINARY BOYFRIENDS,MOM'S Felipe,0.204124145232
IMAGINARY BOYFRIENDS,MOM'S Joyce,0.213200716356
IMAGINARY BOYFRIENDS,MOM'S Sandra,0.138675049056
IMAGINARY BOYFRIENDS,MOUSE,0.707106781187
IMAGINARY BOYFRIENDS,PIZZA BEAR,0.0
IMAGINARY BOYFRIENDS,PIZZA SLICE,0.408248290464
IMAGINARY BOYFRIENDS,RILEY,0.123560412643
IMAGINARY BOYFRIENDS,RILEY VOICE,0.316227766017
IMAGINARY BOYFRIENDS,SPORTS ANNOUNCER,0.0
IMAGINARY BOYFRIENDS,SUBCONSCIOUS GUARD DAVE,0.182574185835
IMAGINARY BOYFRIENDS,SUBCONSCIOUS GUARD FRANK,0.182574185835
IMAGINARY BOYFRIENDS,Sandra,0.0872041440394
IMAGINARY BOYFRIENDS,TEACHER,0.127000127
IMAGINARY BOYFRIENDS,TRAIN ENGINEER,0.353553390593
IMAGINARY BOYFRIENDS,WORKER #1,0.5
IMAGINARY BOYFRIENDS,WORKER FRITZ,0.267261241912
IMAGINARY BOYFRIENDS,YOUNG RILEY,0.204124145232
JANGLES,JANGLES,1.0
JANGLES,Joyce,0.0798935461937
JANGLES,MALE FORGETTER,0.0877058019307
JANGLES,MEG,0.165144564769
JANGLES,MIND WORKER COP #1,0.175411603861
JANGLES,MIND WORKER COP #2,0.0
JANGLES,MOM,0.0740797197487
JANGLES,MOM'S Angelo,0.0766964988847
JANGLES,MOM'S Diane,0.0674199862463
JANGLES,MOM'S Felipe,0.0912870929175
JANGLES,MOM'S Joyce,0.0953462589246
JANGLES,MOM'S Sandra,0.0620173672946
JANGLES,MOUSE,0.0
JANGLES,PIZZA BEAR,0.141421356237
JANGLES,PIZZA SLICE,0.0
JANGLES,RILEY,0.0552578963996
JANGLES,RILEY VOICE,0.0
JANGLES,SPORTS ANNOUNCER,0.0
JANGLES,SUBCONSCIOUS GUARD DAVE,0.163299316186
JANGLES,SUBCONSCIOUS GUARD FRANK,0.244948974278
JANGLES,Sandra,0.0584983181975
JANGLES,TEACHER,0.0567961834247
JANGLES,TRAIN ENGINEER,0.158113883008
JANGLES,WORKER #1,0.111803398875
JANGLES,WORKER FRITZ,0.0
JANGLES,YOUNG RILEY,0.0912870929175
Joyce,Joyce,1.0
Joyce,MALE FORGETTER,0.14014255076
Joyce,MEG,0.139269840759
Joyce,MIND WORKER COP #1,0.10510691307
Joyce,MIND WORKER COP #2,0.0421075960533
Joyce,MOM,0.295924575588
Joyce,MOM'S Angelo,0.0919133291481
Joyce,MOM'S Diane,0.116705805354
Joyce,MOM'S Felipe,0.109398743623
Joyce,MOM'S Joyce,0.101567343224
Joyce,MOM'S Sandra,0.132127663967
Joyce,MOUSE,0.06316139408
Joyce,PIZZA BEAR,0.0941554471443
Joyce,PIZZA SLICE,0.0243108319163
Joyce,RILEY,0.290637662155
Joyce,RILEY VOICE,0.0188310894289
Joyce,SPORTS ANNOUNCER,0.0477455260559
Joyce,SUBCONSCIOUS GUARD DAVE,0.108721345509
Joyce,SUBCONSCIOUS GUARD FRANK,0.11959348006
Joyce,Sandra,0.405048634221
Joyce,TEACHER,0.166380445149
Joyce,TRAIN ENGINEER,0.06316139408
Joyce,WORKER #1,0.104210983481
Joyce,WORKER FRITZ,0.0954910521119
Joyce,YOUNG RILEY,0.121554159582
MALE FORGETTER,MALE FORGETTER,1.0
MALE FORGETTER,MEG,0.0965609099171
MALE FORGETTER,MIND WORKER COP #1,0.0769230769231
MALE FORGETTER,MIND WORKER COP #2,0.0693375245282
MALE FORGETTER,MOM,0.140773126593
MALE FORGETTER,MOM'S Angelo,0.134534558799
MALE FORGETTER,MOM'S Diane,0.118262479198
MALE FORGETTER,MOM'S Felipe,0.0800640769025
MALE FORGETTER,MOM'S Joyce,0.0836242010007
MALE FORGETTER,MOM'S Sandra,0.108785658644
MALE FORGETTER,MOUSE,0.0693375245282
MALE FORGETTER,PIZZA BEAR,0.0620173672946
MALE FORGETTER,PIZZA SLICE,0.0800640769025
MALE FORGETTER,RILEY,0.13327704821
MALE FORGETTER,RILEY VOICE,0.0620173672946
MALE FORGETTER,SPORTS ANNOUNCER,0.0
MALE FORGETTER,SUBCONSCIOUS GUARD DAVE,0.107417231106
MALE FORGETTER,SUBCONSCIOUS GUARD FRANK,0.143222974808
MALE FORGETTER,Sandra,0.179572466819
MALE FORGETTER,TEACHER,0.0249067740693
MALE FORGETTER,TRAIN ENGINEER,0.0693375245282
MALE FORGETTER,WORKER #1,0.147087101354
MALE FORGETTER,WORKER FRITZ,0.104828483672
MALE FORGETTER,YOUNG RILEY,0.120096115354
MEG,MEG,1.0
MEG,MIND WORKER COP #1,0.144841364876
MEG,MIND WORKER COP #2,0.0
MEG,MOM,0.176711355544
MEG,MOM'S Angelo,0.126660099276
MEG,MOM'S Diane,0.185567404756
MEG,MOM'S Felipe,0.201007563052
MEG,MOM'S Joyce,0.209945552433
MEG,MOM'S Sandra,0.1365577484
MEG,MOUSE,0.174077655956
MEG,PIZZA BEAR,0.0778498944162
MEG,PIZZA SLICE,0.100503781526
MEG,RILEY,0.182510825019
MEG,RILEY VOICE,0.0778498944162
MEG,SPORTS ANNOUNCER,0.065795169496
MEG,SUBCONSCIOUS GUARD DAVE,0.269679944985
MEG,SUBCONSCIOUS GUARD FRANK,0.17978662999
MEG,Sandra,0.161011321641
MEG,TEACHER,0.125061079896
MEG,TRAIN ENGINEER,0.0870388279778
MEG,WORKER #1,0.246182981959
MEG,WORKER FRITZ,0.197385508488
MEG,YOUNG RILEY,0.201007563052
MIND WORKER COP #1,MIND WORKER COP #1,1.0
MIND WORKER COP #1,MIND WORKER COP #2,0.0
MIND WORKER COP #1,MOM,0.129944424547
MIND WORKER COP #1,MOM'S Angelo,0.134534558799
MIND WORKER COP #1,MOM'S Diane,0.118262479198
MIND WORKER COP #1,MOM'S Felipe,0.160128153805
MIND WORKER COP #1,MOM'S Joyce,0.167248402001
MIND WORKER COP #1,MOM'S Sandra,0.163178487966
MIND WORKER COP #1,MOUSE,0.277350098113
MIND WORKER COP #1,PIZZA BEAR,0.124034734589
MIND WORKER COP #1,PIZZA SLICE,0.160128153805
MIND WORKER COP #1,RILEY,0.145393143502
MIND WORKER COP #1,RILEY VOICE,0.0
MIND WORKER COP #1,SPORTS ANNOUNCER,0.104828483672
MIND WORKER COP #1,SUBCONSCIOUS GUARD DAVE,0.286445949616
MIND WORKER COP #1,SUBCONSCIOUS GUARD FRANK,0.286445949616
MIND WORKER COP #1,Sandra,0.102612838182
MIND WORKER COP #1,TEACHER,0.0498135481387
MIND WORKER COP #1,TRAIN ENGINEER,0.0
MIND WORKER COP #1,WORKER #1,0.392232270276
MIND WORKER COP #1,WORKER FRITZ,0.209656967344
MIND WORKER COP #1,YOUNG RILEY,0.160128153805
MIND WORKER COP #2,MIND WORKER COP #2,1.0
MIND WORKER COP #2,MOM,0.0
MIND WORKER COP #2,MOM'S Angelo,0.0
MIND WORKER COP #2,MOM'S Diane,0.0
MIND WORKER COP #2,MOM'S Felipe,0.0
MIND WORKER COP #2,MOM'S Joyce,0.0
MIND WORKER COP #2,MOM'S Sandra,0.0
MIND WORKER COP #2,MOUSE,0.0
MIND WORKER COP #2,PIZZA BEAR,0.0
MIND WORKER COP #2,PIZZA SLICE,0.0
MIND WORKER COP #2,RILEY,0.0
MIND WORKER COP #2,RILEY VOICE,0.0
MIND WORKER COP #2,SPORTS ANNOUNCER,0.0
MIND WORKER COP #2,SUBCONSCIOUS GUARD DAVE,0.0
MIND WORKER COP #2,SUBCONSCIOUS GUARD FRANK,0.0
MIND WORKER COP #2,Sandra,0.0308313207989
MIND WORKER COP #2,TEACHER,0.0
MIND WORKER COP #2,TRAIN ENGINEER,0.0
MIND WORKER COP #2,WORKER #1,0.0
MIND WORKER COP #2,WORKER FRITZ,0.0
MIND WORKER COP #2,YOUNG RILEY,0.0
MOM,MOM,1.0
MOM,MOM'S Angelo,0.113633102862
MOM,MOM'S Diane,0.149833610598
MOM,MOM'S Felipe,0.1352504452
MOM,MOM'S Joyce,0.141264482804
MOM,MOM'S Sandra,0.168455070254
MOM,MOUSE,0.0780868809443
MOM,PIZZA BEAR,0.069843029577
MOM,PIZZA SLICE,0.0450834817334
MOM,RILEY,0.300189228473
MOM,RILEY VOICE,0.0349215147885
MOM,SPORTS ANNOUNCER,0.0885422004151
MOM,SUBCONSCIOUS GUARD DAVE,0.141133621745
MOM,SUBCONSCIOUS GUARD FRANK,0.181457513673
MOM,Sandra,0.279272514483
MOM,TEACHER,0.224397085381
MOM,TRAIN ENGINEER,0.0780868809443
MOM,WORKER #1,0.138039407594
MOM,WORKER FRITZ,0.11805626722
MOM,YOUNG RILEY,0.1352504452
MOM'S Angelo,MOM'S Angelo,1.0
MOM'S Angelo,MOM'S Diane,0.155126306999
MOM'S Angelo,MOM'S Felipe,0.140028008403
MOM'S Angelo,MOM'S Joyce,0.146254484825
MOM'S Angelo,MOM'S Sandra,0.142695448246
MOM'S Angelo,MOUSE,0.121267812518
MOM'S Angelo,PIZZA BEAR,0.108465228909
MOM'S Angelo,PIZZA SLICE,0.140028008403
MOM'S Angelo,RILEY,0.0847617437916
MOM'S Angelo,RILEY VOICE,0.0
MOM'S Angelo,SPORTS ANNOUNCER,0.0
MOM'S Angelo,SUBCONSCIOUS GUARD DAVE,0.125244858217
MOM'S Angelo,SUBCONSCIOUS GUARD FRANK,0.125244858217
MOM'S Angelo,Sandra,0.134598485892
MOM'S Angelo,TEACHER,0.0871213683738
MOM'S Angelo,TRAIN ENGINEER,0.121267812518
MOM'S Angelo,WORKER #1,0.171498585143
MOM'S Angelo,WORKER FRITZ,0.183339699406
MOM'S Angelo,YOUNG RILEY,0.140028008403
MOM'S Diane,MOM'S Diane,1.0
MOM'S Diane,MOM'S Felipe,0.677003200386
MOM'S Diane,MOM'S Joyce,0.707106781187
MOM'S Diane,MOM'S Sandra,0.418121005004
MOM'S Diane,MOUSE,0.106600358178
MOM'S Diane,PIZZA BEAR,0.0953462589246
MOM'S Diane,PIZZA SLICE,0.123091490979
MOM'S Diane,RILEY,0.167646897687
MOM'S Diane,RILEY VOICE,0.0
MOM'S Diane,SPORTS ANNOUNCER,0.0
MOM'S Diane,SUBCONSCIOUS GUARD DAVE,0.165144564769
MOM'S Diane,SUBCONSCIOUS GUARD FRANK,0.165144564769
MOM'S Diane,Sandra,0.184051271054
MOM'S Diane,TEACHER,0.153167916213
MOM'S Diane,TRAIN ENGINEER,0.0
MOM'S Diane,WORKER #1,0.150755672289
MOM'S Diane,WORKER FRITZ,0.0805822964025
MOM'S Diane,YOUNG RILEY,0.184637236469
MOM'S Felipe,MOM'S Felipe,1.0
MOM'S Felipe,MOM'S Joyce,0.957427107756
MOM'S Felipe,MOM'S Sandra,0.566138517072
MOM'S Felipe,MOUSE,0.144337567297
MOM'S Felipe,PIZZA BEAR,0.129099444874
MOM'S Felipe,PIZZA SLICE,0.166666666667
MOM'S Felipe,RILEY,0.151329981692
MOM'S Felipe,RILEY VOICE,0.0
MOM'S Felipe,SPORTS ANNOUNCER,0.0
MOM'S Felipe,SUBCONSCIOUS GUARD DAVE,0.22360679775
MOM'S Felipe,SUBCONSCIOUS GUARD FRANK,0.22360679775
MOM'S Felipe,Sandra,0.124603299539
MOM'S Felipe,TEACHER,0.103695169473
MOM'S Felipe,TRAIN ENGINEER,0.0
MOM'S Felipe,WORKER #1,0.204124145232
MOM'S Felipe,WORKER FRITZ,0.109108945118
MOM'S Felipe,YOUNG RILEY,0.166666666667
MOM'S Joyce,MOM'S Joyce,1.0
MOM'S Joyce,MOM'S Sandra,0.591312395989
MOM'S Joyce,MOUSE,0.150755672289
MOM'S Joyce,PIZZA BEAR,0.134839972493
MOM'S Joyce,PIZZA SLICE,0.174077655956
MOM'S Joyce,RILEY,0.158059010932
MOM'S Joyce,RILEY VOICE,0.0
MOM'S Joyce,SPORTS ANNOUNCER,0.0
MOM'S Joyce,SUBCONSCIOUS GUARD DAVE,0.233549683248
MOM'S Joyce,SUBCONSCIOUS GUARD FRANK,0.233549683248
MOM'S Joyce,Sandra,0.130143901849
MOM'S Joyce,TEACHER,0.108306072215
MOM'S Joyce,TRAIN ENGINEER,0.0
MOM'S Joyce,WORKER #1,0.213200716356
MOM'S Joyce,WORKER FRITZ,0.11396057646
MOM'S Joyce,YOUNG RILEY,0.174077655956
MOM'S Sandra,MOM'S Sandra,1.0
MOM'S Sandra,MOUSE,0.0980580675691
MOM'S Sandra,PIZZA BEAR,0.0877058019307
MOM'S Sandra,PIZZA SLICE,0.113227703414
MOM'S Sandra,RILEY,0.188482209132
MOM'S Sandra,RILEY VOICE,0.0
MOM'S Sandra,SPORTS ANNOUNCER,0.0
MOM'S Sandra,SUBCONSCIOUS GUARD DAVE,0.151910905063
MOM'S Sandra,SUBCONSCIOUS GUARD FRANK,0.202547873417
MOM'S Sandra,Sandra,0.145116467431
MOM'S Sandra,TEACHER,0.105670493051
MOM'S Sandra,TRAIN ENGINEER,0.0980580675691
MOM'S Sandra,WORKER #1,0.138675049056
MOM'S Sandra,WORKER FRITZ,0.148249863332
MOM'S Sandra,YOUNG RILEY,0.113227703414
MOUSE,MOUSE,1.0
MOUSE,PIZZA BEAR,0.0
MOUSE,PIZZA SLICE,0.288675134595
MOUSE,RILEY,0.174740811332
MOUSE,RILEY VOICE,0.4472135955
MOUSE,SPORTS ANNOUNCER,0.188982236505
MOUSE,SUBCONSCIOUS GUARD DAVE,0.129099444874
MOUSE,SUBCONSCIOUS GUARD FRANK,0.129099444874
MOUSE,Sandra,0.0924939623967
MOUSE,TEACHER,0.0898026510134
MOUSE,TRAIN ENGINEER,0.25
MOUSE,WORKER #1,0.353553390593
MOUSE,WORKER FRITZ,0.188982236505
MOUSE,YOUNG RILEY,0.144337567297
PIZZA BEAR,PIZZA BEAR,1.0
PIZZA BEAR,PIZZA SLICE,0.0
PIZZA BEAR,RILEY,0.0781464665165
PIZZA BEAR,RILEY VOICE,0.0
PIZZA BEAR,SPORTS ANNOUNCER,0.0
PIZZA BEAR,SUBCONSCIOUS GUARD DAVE,0.115470053838
PIZZA BEAR,SUBCONSCIOUS GUARD FRANK,0.115470053838
PIZZA BEAR,Sandra,0.027576371657
PIZZA BEAR,TEACHER,0.0803219328902
PIZZA BEAR,TRAIN ENGINEER,0.0
PIZZA BEAR,WORKER #1,0.158113883008
PIZZA BEAR,WORKER FRITZ,0.0
PIZZA BEAR,YOUNG RILEY,0.129099444874
PIZZA SLICE,PIZZA SLICE,1.0
PIZZA SLICE,RILEY,0.0504433272305
PIZZA SLICE,RILEY VOICE,0.0
PIZZA SLICE,SPORTS ANNOUNCER,0.0
PIZZA SLICE,SUBCONSCIOUS GUARD DAVE,0.1490711985
PIZZA SLICE,SUBCONSCIOUS GUARD FRANK,0.1490711985
PIZZA SLICE,Sandra,0.0356009427254
PIZZA SLICE,TEACHER,0.0
PIZZA SLICE,TRAIN ENGINEER,0.0
PIZZA SLICE,WORKER #1,0.204124145232
PIZZA SLICE,WORKER FRITZ,0.218217890236
PIZZA SLICE,YOUNG RILEY,0.166666666667
RILEY,RILEY,1.0
RILEY,RILEY VOICE,0.195366166291
RILEY,SPORTS ANNOUNCER,0.0330229093342
RILEY,SUBCONSCIOUS GUARD DAVE,0.203030475658
RILEY,SUBCONSCIOUS GUARD FRANK,0.180471533918
RILEY,Sandra,0.285536970575
RILEY,TEACHER,0.203998445272
RILEY,TRAIN ENGINEER,0.0873704056661
RILEY,WORKER #1,0.154450515804
RILEY,WORKER FRITZ,0.0660458186684
RILEY,YOUNG RILEY,0.151329981692
RILEY VOICE,RILEY VOICE,1.0
RILEY VOICE,SPORTS ANNOUNCER,0.0
RILEY VOICE,SUBCONSCIOUS GUARD DAVE,0.0
RILEY VOICE,SUBCONSCIOUS GUARD FRANK,0.0
RILEY VOICE,Sandra,0.055152743314
RILEY VOICE,TEACHER,0.16064386578
RILEY VOICE,TRAIN ENGINEER,0.22360679775
RILEY VOICE,WORKER #1,0.158113883008
RILEY VOICE,WORKER FRITZ,0.0
RILEY VOICE,YOUNG RILEY,0.0
SPORTS ANNOUNCER,SPORTS ANNOUNCER,1.0
SPORTS ANNOUNCER,SUBCONSCIOUS GUARD DAVE,0.0
SPORTS ANNOUNCER,SUBCONSCIOUS GUARD FRANK,0.0
SPORTS ANNOUNCER,Sandra,0.0233062878359
SPORTS ANNOUNCER,TEACHER,0.0
SPORTS ANNOUNCER,TRAIN ENGINEER,0.0
SPORTS ANNOUNCER,WORKER #1,0.0
SPORTS ANNOUNCER,WORKER FRITZ,0.0
SPORTS ANNOUNCER,YOUNG RILEY,0.0
SUBCONSCIOUS GUARD DAVE,SUBCONSCIOUS GUARD DAVE,1.0
SUBCONSCIOUS GUARD DAVE,SUBCONSCIOUS GUARD FRANK,0.333333333333
SUBCONSCIOUS GUARD DAVE,Sandra,0.127369804795
SUBCONSCIOUS GUARD DAVE,TEACHER,0.139121668728
SUBCONSCIOUS GUARD DAVE,TRAIN ENGINEER,0.0
SUBCONSCIOUS GUARD DAVE,WORKER #1,0.273861278753
SUBCONSCIOUS GUARD DAVE,WORKER FRITZ,0.0975900072949
SUBCONSCIOUS GUARD DAVE,YOUNG RILEY,0.22360679775
SUBCONSCIOUS GUARD FRANK,SUBCONSCIOUS GUARD FRANK,1.0
SUBCONSCIOUS GUARD FRANK,Sandra,0.143291030395
SUBCONSCIOUS GUARD FRANK,TEACHER,0.139121668728
SUBCONSCIOUS GUARD FRANK,TRAIN ENGINEER,0.0
SUBCONSCIOUS GUARD FRANK,WORKER #1,0.182574185835
SUBCONSCIOUS GUARD FRANK,WORKER FRITZ,0.0975900072949
SUBCONSCIOUS GUARD FRANK,YOUNG RILEY,0.1490711985
Sandra,Sandra,1.0
Sandra,TEACHER,0.121824311047
Sandra,TRAIN ENGINEER,0.0616626415978
Sandra,WORKER #1,0.109005180049
Sandra,WORKER FRITZ,0.0699188635076
Sandra,YOUNG RILEY,0.124603299539
TEACHER,TEACHER,1.0
TEACHER,TRAIN ENGINEER,0.0898026510134
TEACHER,WORKER #1,0.127000127
TEACHER,WORKER FRITZ,0.0678844233302
TEACHER,YOUNG RILEY,0.103695169473
TRAIN ENGINEER,TRAIN ENGINEER,1.0
TRAIN ENGINEER,WORKER #1,0.176776695297
TRAIN ENGINEER,WORKER FRITZ,0.188982236505
TRAIN ENGINEER,YOUNG RILEY,0.0
WORKER #1,WORKER #1,1.0
WORKER #1,WORKER FRITZ,0.267261241912
WORKER #1,YOUNG RILEY,0.306186217848
WORKER FRITZ,WORKER FRITZ,1.0
WORKER FRITZ,YOUNG RILEY,0.109108945118
YOUNG RILEY,YOUNG RILEY,1.0
