character1,character2,tfidf_similarity
ABSTRACT WORKER #1,ABSTRACT WORKER #1,1.0
ABSTRACT WORKER #1,ABSTRACT WORKER #2,0.0
ABSTRACT WORKER #1,Angelo,0.0578107125843
ABSTRACT WORKER #1,BING BONG,0.0423508386441
ABSTRACT WORKER #1,BOYFRIEND GENERATOR WORKER,0.0
ABSTRACT WORKER #1,CLOUD MAN,0.00268576166793
ABSTRACT WORKER #1,CLOUD WITNESS,0.0
ABSTRACT WORKER #1,DAD,0.0427192275613
ABSTRACT WORKER #1,DAD'S Angelo,0.0281009845518
ABSTRACT WORKER #1,DAD'S Felipe,0.00127108681389
ABSTRACT WORKER #1,DREAM DIRECTOR,0.0754906661904
ABSTRACT WORKER #1,DREAM PRODUCTIONS COP #1,0.0
ABSTRACT WORKER #1,DREAM STUDENT #1,0.0174310025989
ABSTRACT WORKER #1,DREAM STUDENT #2,0.0218951087416
ABSTRACT WORKER #1,Diane,0.0346104345509
ABSTRACT WORKER #1,EXTRA,0.0371895389713
ABSTRACT WORKER #1,FEMALE FORGETTER,0.0147751544359
ABSTRACT WORKER #1,Felipe,0.0388855673763
ABSTRACT WORKER #1,GIRL ALARM,0.0
ABSTRACT WORKER #1,GUM MEMORY,0.0
ABSTRACT WORKER #1,HELICOPTER PILOT,0.0
ABSTRACT WORKER #1,HOCKEY COACH,0.0233748148402
ABSTRACT WORKER #1,HOCKEY TEAMMATE,0.00734866743018
ABSTRACT WORKER #1,HOUSE OF CARDS WORKER,0.0
ABSTRACT WORKER #1,IMAGINARY BOYFRIEND,0.0
ABSTRACT WORKER #1,IMAGINARY BOYFRIENDS,0.0
ABSTRACT WORKER #1,JANGLES,0.00222839460454
ABSTRACT WORKER #1,Joyce,0.036660433757
ABSTRACT WORKER #1,MALE FORGETTER,0.0129948403958
ABSTRACT WORKER #1,MEG,0.0286967275531
ABSTRACT WORKER #1,MIND WORKER COP #1,0.00290424400537
ABSTRACT WORKER #1,MIND WORKER COP #2,0.0
ABSTRACT WORKER #1,MOM,0.0284466873907
ABSTRACT WORKER #1,MOM'S Angelo,0.0367610704589
ABSTRACT WORKER #1,MOM'S Diane,0.0408016870789
ABSTRACT WORKER #1,MOM'S Felipe,0.00328982060622
ABSTRACT WORKER #1,MOM'S Joyce,0.00362333978577
ABSTRACT WORKER #1,MOM'S Sandra,0.0122493320919
ABSTRACT WORKER #1,MOUSE,0.0
ABSTRACT WORKER #1,PIZZA BEAR,0.0039546030784
ABSTRACT WORKER #1,PIZZA SLICE,0.0
ABSTRACT WORKER #1,RILEY,0.0332479393615
ABSTRACT WORKER #1,RILEY VOICE,0.0
ABSTRACT WORKER #1,SPORTS ANNOUNCER,0.0
ABSTRACT WORKER #1,SUBCONSCIOUS GUARD DAVE,0.0118747199231
ABSTRACT WORKER #1,SUBCONSCIOUS GUARD FRANK,0.02738498029
ABSTRACT WORKER #1,Sandra,0.0669293312226
ABSTRACT WORKER #1,TEACHER,0.0952477078093
ABSTRACT WORKER #1,TRAIN ENGINEER,0.0307668352878
ABSTRACT WORKER #1,WORKER #1,0.0219426414617
ABSTRACT WORKER #1,WORKER FRITZ,0.0242640594904
ABSTRACT WORKER #1,YOUNG RILEY,0.0285379499975
ABSTRACT WORKER #2,ABSTRACT WORKER #2,1.0
ABSTRACT WORKER #2,Angelo,0.0
ABSTRACT WORKER #2,BING BONG,0.0210609367423
ABSTRACT WORKER #2,BOYFRIEND GENERATOR WORKER,0.0
ABSTRACT WORKER #2,CLOUD MAN,0.0
ABSTRACT WORKER #2,CLOUD WITNESS,0.0
ABSTRACT WORKER #2,DAD,0.0
ABSTRACT WORKER #2,DAD'S Angelo,0.0
ABSTRACT WORKER #2,DAD'S Felipe,0.0
ABSTRACT WORKER #2,DREAM DIRECTOR,0.0
ABSTRACT WORKER #2,DREAM PRODUCTIONS COP #1,0.0
ABSTRACT WORKER #2,DREAM STUDENT #1,0.0
ABSTRACT WORKER #2,DREAM STUDENT #2,0.0
ABSTRACT WORKER #2,Diane,0.0
ABSTRACT WORKER #2,EXTRA,0.0
ABSTRACT WORKER #2,FEMALE FORGETTER,0.0
ABSTRACT WORKER #2,Felipe,0.0
ABSTRACT WORKER #2,GIRL ALARM,0.0
ABSTRACT WORKER #2,GUM MEMORY,0.0
ABSTRACT WORKER #2,HELICOPTER PILOT,0.0
ABSTRACT WORKER #2,HOCKEY COACH,0.0
ABSTRACT WORKER #2,HOCKEY TEAMMATE,0.0
ABSTRACT WORKER #2,HOUSE OF CARDS WORKER,0.0
ABSTRACT WORKER #2,IMAGINARY BOYFRIEND,0.0
ABSTRACT WORKER #2,IMAGINARY BOYFRIENDS,0.0
ABSTRACT WORKER #2,JANGLES,0.0
ABSTRACT WORKER #2,Joyce,0.0176888517475
ABSTRACT WORKER #2,MALE FORGETTER,0.0
ABSTRACT WORKER #2,MEG,0.0
ABSTRACT WORKER #2,MIND WORKER COP #1,0.0
ABSTRACT WORKER #2,MIND WORKER COP #2,0.0
ABSTRACT WORKER #2,MOM,0.0
ABSTRACT WORKER #2,MOM'S Angelo,0.0
ABSTRACT WORKER #2,MOM'S Diane,0.0
ABSTRACT WORKER #2,MOM'S Felipe,0.0
ABSTRACT WORKER #2,MOM'S Joyce,0.0
ABSTRACT WORKER #2,MOM'S Sandra,0.0
ABSTRACT WORKER #2,MOUSE,0.0
ABSTRACT WORKER #2,PIZZA BEAR,0.0
ABSTRACT WORKER #2,PIZZA SLICE,0.0
ABSTRACT WORKER #2,RILEY,0.0
ABSTRACT WORKER #2,RILEY VOICE,0.0
ABSTRACT WORKER #2,SPORTS ANNOUNCER,0.0
ABSTRACT WORKER #2,SUBCONSCIOUS GUARD DAVE,0.0
ABSTRACT WORKER #2,SUBCONSCIOUS GUARD FRANK,0.0
ABSTRACT WORKER #2,Sandra,0.0597795172343
ABSTRACT WORKER #2,TEACHER,0.0
ABSTRACT WORKER #2,TRAIN ENGINEER,0.0
ABSTRACT WORKER #2,WORKER #1,0.0
ABSTRACT WORKER #2,WORKER FRITZ,0.0
ABSTRACT WORKER #2,YOUNG RILEY,0.0
Angelo,Angelo,1.0
Angelo,BING BONG,0.144362662521
Angelo,BOYFRIEND GENERATOR WORKER,0.0
Angelo,CLOUD MAN,0.046583924218
Angelo,CLOUD WITNESS,0.0641343502307
Angelo,DAD,0.186812490484
Angelo,DAD'S Angelo,0.089847644978
Angelo,DAD'S Felipe,0.00952830103873
Angelo,DREAM DIRECTOR,0.0581009948037
Angelo,DREAM PRODUCTIONS COP #1,0.033027329187
Angelo,DREAM STUDENT #1,0.00569311159085
Angelo,DREAM STUDENT #2,0.0495473087259
Angelo,Diane,0.239455611343
Angelo,EXTRA,0.0466482864202
Angelo,FEMALE FORGETTER,0.0936591223608
Angelo,Felipe,0.237360161346
Angelo,GIRL ALARM,0.00227965349682
Angelo,GUM MEMORY,0.0481352585443
Angelo,HELICOPTER PILOT,0.0109759320615
Angelo,HOCKEY COACH,0.0286373102575
Angelo,HOCKEY TEAMMATE,0.0131114334701
Angelo,HOUSE OF CARDS WORKER,0.0262578916516
Angelo,IMAGINARY BOYFRIEND,0.0379176165708
Angelo,IMAGINARY BOYFRIENDS,0.0330416638114
Angelo,JANGLES,0.0587012575753
Angelo,Joyce,0.234836156899
Angelo,MALE FORGETTER,0.063884279451
Angelo,MEG,0.0773076081579
Angelo,MIND WORKER COP #1,0.0939760441652
Angelo,MIND WORKER COP #2,0.0
Angelo,MOM,0.144122392617
Angelo,MOM'S Angelo,0.0693918952622
Angelo,MOM'S Diane,0.0878447442731
Angelo,MOM'S Felipe,0.0893642546957
Angelo,MOM'S Joyce,0.0726302422297
Angelo,MOM'S Sandra,0.0955401047005
Angelo,MOUSE,0.0620442924196
Angelo,PIZZA BEAR,0.0159075714241
Angelo,PIZZA SLICE,0.0435830086846
Angelo,RILEY,0.136861406806
Angelo,RILEY VOICE,0.0483878449343
Angelo,SPORTS ANNOUNCER,0.00708915545778
Angelo,SUBCONSCIOUS GUARD DAVE,0.0432082277064
Angelo,SUBCONSCIOUS GUARD FRANK,0.0511906298378
Angelo,Sandra,0.180185279309
Angelo,TEACHER,0.104343242179
Angelo,TRAIN ENGINEER,0.0494278500341
Angelo,WORKER #1,0.0373682706845
Angelo,WORKER FRITZ,0.0932617397392
Angelo,YOUNG RILEY,0.0251821183061
BING BONG,BING BONG,1.0
BING BONG,BOYFRIEND GENERATOR WORKER,0.0468094711177
BING BONG,CLOUD MAN,0.0352532864364
BING BONG,CLOUD WITNESS,0.00257284171453
BING BONG,DAD,0.130076889202
BING BONG,DAD'S Angelo,0.0520405761812
BING BONG,DAD'S Felipe,0.0262498533437
BING BONG,DREAM DIRECTOR,0.0814762393064
BING BONG,DREAM PRODUCTIONS COP #1,0.0660577279013
BING BONG,DREAM STUDENT #1,0.00724456626766
BING BONG,DREAM STUDENT #2,0.0369076626517
BING BONG,Diane,0.146364078109
BING BONG,EXTRA,0.0241773602555
BING BONG,FEMALE FORGETTER,0.103047385009
BING BONG,Felipe,0.163860018529
BING BONG,GIRL ALARM,0.00228861753311
BING BONG,GUM MEMORY,0.0103148447476
BING BONG,HELICOPTER PILOT,0.0468178682057
BING BONG,HOCKEY COACH,0.0132804197104
BING BONG,HOCKEY TEAMMATE,0.0601346778844
BING BONG,HOUSE OF CARDS WORKER,0.000897179317845
BING BONG,IMAGINARY BOYFRIEND,0.0231885040678
BING BONG,IMAGINARY BOYFRIENDS,0.0361063058566
BING BONG,JANGLES,0.0163966687674
BING BONG,Joyce,0.298388201139
BING BONG,MALE FORGETTER,0.0912142708032
BING BONG,MEG,0.0633848525952
BING BONG,MIND WORKER COP #1,0.101227160943
BING BONG,MIND WORKER COP #2,0.0146315840681
BING BONG,MOM,0.131179895964
BING BONG,MOM'S Angelo,0.0239852551221
BING BONG,MOM'S Diane,0.0712633157707
BING BONG,MOM'S Felipe,0.0411687041913
BING BONG,MOM'S Joyce,0.0453423519637
BING BONG,MOM'S Sandra,0.0517176588193
BING BONG,MOUSE,0.0353085269488
BING BONG,PIZZA BEAR,0.00181973703052
BING BONG,PIZZA SLICE,0.00115367319652
BING BONG,RILEY,0.124968739676
BING BONG,RILEY VOICE,0.0062945814884
BING BONG,SPORTS ANNOUNCER,0.0157106894397
BING BONG,SUBCONSCIOUS GUARD DAVE,0.049275094205
BING BONG,SUBCONSCIOUS GUARD FRANK,0.0627688047773
BING BONG,Sandra,0.194400504415
BING BONG,TEACHER,0.0715157398542
BING BONG,TRAIN ENGINEER,0.0194530134519
BING BONG,WORKER #1,0.0278059101457
BING BONG,WORKER FRITZ,0.0492980316572
BING BONG,YOUNG RILEY,0.0739799470018
BOYFRIEND GENERATOR WORKER,BOYFRIEND GENERATOR WORKER,1.0
BOYFRIEND GENERATOR WORKER,CLOUD MAN,0.0
BOYFRIEND GENERATOR WORKER,CLOUD WITNESS,0.0
BOYFRIEND GENERATOR WORKER,DAD,0.0
BOYFRIEND GENERATOR WORKER,DAD'S Angelo,0.0
BOYFRIEND GENERATOR WORKER,DAD'S Felipe,0.0
BOYFRIEND GENERATOR WORKER,DREAM DIRECTOR,0.0
BOYFRIEND GENERATOR WORKER,DREAM PRODUCTIONS COP #1,0.0
BOYFRIEND GENERATOR WORKER,DREAM STUDENT #1,0.0
BOYFRIEND GENERATOR WORKER,DREAM STUDENT #2,0.0
BOYFRIEND GENERATOR WORKER,Diane,0.0
BOYFRIEND GENERATOR WORKER,EXTRA,0.0
BOYFRIEND GENERATOR WORKER,FEMALE FORGETTER,0.0
BOYFRIEND GENERATOR WORKER,Felipe,0.0
BOYFRIEND GENERATOR WORKER,GIRL ALARM,0.0
BOYFRIEND GENERATOR WORKER,GUM MEMORY,0.0
BOYFRIEND GENERATOR WORKER,HELICOPTER PILOT,0.0
BOYFRIEND GENERATOR WORKER,HOCKEY COACH,0.0
BOYFRIEND GENERATOR WORKER,HOCKEY TEAMMATE,0.0
BOYFRIEND GENERATOR WORKER,HOUSE OF CARDS WORKER,0.0
BOYFRIEND GENERATOR WORKER,IMAGINARY BOYFRIEND,0.0
BOYFRIEND GENERATOR WORKER,IMAGINARY BOYFRIENDS,0.0
BOYFRIEND GENERATOR WORKER,JANGLES,0.0
BOYFRIEND GENERATOR WORKER,Joyce,0.0
BOYFRIEND GENERATOR WORKER,MALE FORGETTER,0.0
BOYFRIEND GENERATOR WORKER,MEG,0.0
BOYFRIEND GENERATOR WORKER,MIND WORKER COP #1,0.0
BOYFRIEND GENERATOR WORKER,MIND WORKER COP #2,0.0
BOYFRIEND GENERATOR WORKER,MOM,0.0
BOYFRIEND GENERATOR WORKER,MOM'S Angelo,0.0
BOYFRIEND GENERATOR WORKER,MOM'S Diane,0.0
BOYFRIEND GENERATOR WORKER,MOM'S Felipe,0.0
BOYFRIEND GENERATOR WORKER,MOM'S Joyce,0.0
BOYFRIEND GENERATOR WORKER,MOM'S Sandra,0.0
BOYFRIEND GENERATOR WORKER,MOUSE,0.0
BOYFRIEND GENERATOR WORKER,PIZZA BEAR,0.0
BOYFRIEND GENERATOR WORKER,PIZZA SLICE,0.0
BOYFRIEND GENERATOR WORKER,RILEY,0.0
BOYFRIEND GENERATOR WORKER,RILEY VOICE,0.0
BOYFRIEND GENERATOR WORKER,SPORTS ANNOUNCER,0.0
BOYFRIEND GENERATOR WORKER,SUBCONSCIOUS GUARD DAVE,0.0
BOYFRIEND GENERATOR WORKER,SUBCONSCIOUS GUARD FRANK,0.0
BOYFRIEND GENERATOR WORKER,Sandra,0.0
BOYFRIEND GENERATOR WORKER,TEACHER,0.0
BOYFRIEND GENERATOR WORKER,TRAIN ENGINEER,0.0
BOYFRIEND GENERATOR WORKER,WORKER #1,0.0
BOYFRIEND GENERATOR WORKER,WORKER FRITZ,0.0
BOYFRIEND GENERATOR WORKER,YOUNG RILEY,0.0
CLOUD MAN,CLOUD MAN,1.0
CLOUD MAN,CLOUD WITNESS,0.00589216731122
CLOUD MAN,DAD,0.022445568124
CLOUD MAN,DAD'S Angelo,0.02911948268
CLOUD MAN,DAD'S Felipe,0.00264416027838
CLOUD MAN,DREAM DIRECTOR,0.00219368875519
CLOUD MAN,DREAM PRODUCTIONS COP #1,0.00370969259073
CLOUD MAN,DREAM STUDENT #1,0.00233748190105
CLOUD MAN,DREAM STUDENT #2,0.0615671705112
CLOUD MAN,Diane,0.0508904201277
CLOUD MAN,EXTRA,0.0242462336562
CLOUD MAN,FEMALE FORGETTER,0.00316232952532
CLOUD MAN,Felipe,0.0269185220655
CLOUD MAN,GIRL ALARM,0.00524125419001
CLOUD MAN,GUM MEMORY,0.00174047162448
CLOUD MAN,HELICOPTER PILOT,0.0
CLOUD MAN,HOCKEY COACH,0.00201966032407
CLOUD MAN,HOCKEY TEAMMATE,0.00927709658982
CLOUD MAN,HOUSE OF CARDS WORKER,0.00205466609899
CLOUD MAN,IMAGINARY BOYFRIEND,0.0709922335445
CLOUD MAN,IMAGINARY BOYFRIENDS,0.00994687903028
CLOUD MAN,JANGLES,0.00281316744607
CLOUD MAN,Joyce,0.0837189242917
CLOUD MAN,MALE FORGETTER,0.00284505410246
CLOUD MAN,MEG,0.00363536826502
CLOUD MAN,MIND WORKER COP #1,0.0387846528291
CLOUD MAN,MIND WORKER COP #2,0.0
CLOUD MAN,MOM,0.0564583276926
CLOUD MAN,MOM'S Angelo,0.0409312260347
CLOUD MAN,MOM'S Diane,0.00454452522366
CLOUD MAN,MOM'S Felipe,0.00561130399431
CLOUD MAN,MOM'S Joyce,0.00618017316026
CLOUD MAN,MOM'S Sandra,0.00355101001184
CLOUD MAN,MOUSE,0.00391702302338
CLOUD MAN,PIZZA BEAR,0.00499236563381
CLOUD MAN,PIZZA SLICE,0.00264207294914
CLOUD MAN,RILEY,0.00953678175574
CLOUD MAN,RILEY VOICE,0.0
CLOUD MAN,SPORTS ANNOUNCER,0.0
CLOUD MAN,SUBCONSCIOUS GUARD DAVE,0.0285535062818
CLOUD MAN,SUBCONSCIOUS GUARD FRANK,0.00391396476983
CLOUD MAN,Sandra,0.06476647931
CLOUD MAN,TEACHER,0.0230057086316
CLOUD MAN,TRAIN ENGINEER,0.0
CLOUD MAN,WORKER #1,0.00706123404418
CLOUD MAN,WORKER FRITZ,0.00182481625693
CLOUD MAN,YOUNG RILEY,0.00488758221441
CLOUD WITNESS,CLOUD WITNESS,1.0
CLOUD WITNESS,DAD,0.00338703498406
CLOUD WITNESS,DAD'S Angelo,0.00473403599312
CLOUD WITNESS,DAD'S Felipe,0.00514519999054
CLOUD WITNESS,DREAM DIRECTOR,0.00447917032487
CLOUD WITNESS,DREAM PRODUCTIONS COP #1,0.0183615310278
CLOUD WITNESS,DREAM STUDENT #1,0.011569623467
CLOUD WITNESS,DREAM STUDENT #2,0.0145326215445
CLOUD WITNESS,Diane,0.0709874320898
CLOUD WITNESS,EXTRA,0.0
CLOUD WITNESS,FEMALE FORGETTER,0.00520298838911
CLOUD WITNESS,Felipe,0.0716828727648
CLOUD WITNESS,GIRL ALARM,0.0259421634222
CLOUD WITNESS,GUM MEMORY,0.00861465551509
CLOUD WITNESS,HELICOPTER PILOT,0.0
CLOUD WITNESS,HOCKEY COACH,0.00999653065561
CLOUD WITNESS,HOCKEY TEAMMATE,0.0
CLOUD WITNESS,HOUSE OF CARDS WORKER,0.0101697955843
CLOUD WITNESS,IMAGINARY BOYFRIEND,0.0103042121113
CLOUD WITNESS,IMAGINARY BOYFRIENDS,0.0492331705331
CLOUD WITNESS,JANGLES,0.0
CLOUD WITNESS,Joyce,0.0400417336603
CLOUD WITNESS,MALE FORGETTER,0.004144598765
CLOUD WITNESS,MEG,0.00323455313674
CLOUD WITNESS,MIND WORKER COP #1,0.00828949378565
CLOUD WITNESS,MIND WORKER COP #2,0.0
CLOUD WITNESS,MOM,0.00297339398163
CLOUD WITNESS,MOM'S Angelo,0.00430683221165
CLOUD WITNESS,MOM'S Diane,0.00478022043448
CLOUD WITNESS,MOM'S Felipe,0.00721738405429
CLOUD WITNESS,MOM'S Joyce,0.00794907623341
CLOUD WITNESS,MOM'S Sandra,0.00373517799687
CLOUD WITNESS,MOUSE,0.0193877357817
CLOUD WITNESS,PIZZA BEAR,0.0
CLOUD WITNESS,PIZZA SLICE,0.0130772303222
CLOUD WITNESS,RILEY,0.00330195735808
CLOUD WITNESS,RILEY VOICE,0.0
CLOUD WITNESS,SPORTS ANNOUNCER,0.0
CLOUD WITNESS,SUBCONSCIOUS GUARD DAVE,0.00651961484247
CLOUD WITNESS,SUBCONSCIOUS GUARD FRANK,0.0060744948979
CLOUD WITNESS,Sandra,0.0426249556173
CLOUD WITNESS,TEACHER,0.0
CLOUD WITNESS,TRAIN ENGINEER,0.0
CLOUD WITNESS,WORKER #1,0.00908231634675
CLOUD WITNESS,WORKER FRITZ,0.00903212853958
CLOUD WITNESS,YOUNG RILEY,0.00826161992029
DAD,DAD,1.0
DAD,DAD'S Angelo,0.0699328274784
DAD,DAD'S Felipe,0.0313777958799
DAD,DREAM DIRECTOR,0.0337379474982
DAD,DREAM PRODUCTIONS COP #1,0.0401600330208
DAD,DREAM STUDENT #1,0.00815835021149
DAD,DREAM STUDENT #2,0.0892130602904
DAD,Diane,0.152266641331
DAD,EXTRA,0.0475431192496
DAD,FEMALE FORGETTER,0.0827197583614
DAD,Felipe,0.14040930316
DAD,GIRL ALARM,0.0558284142279
DAD,GUM MEMORY,0.0164482175267
DAD,HELICOPTER PILOT,0.065828706395
DAD,HOCKEY COACH,0.00818496600927
DAD,HOCKEY TEAMMATE,0.0204493864999
DAD,HOUSE OF CARDS WORKER,0.00118109781855
DAD,IMAGINARY BOYFRIEND,0.0290511912403
DAD,IMAGINARY BOYFRIENDS,0.0539109194366
DAD,JANGLES,0.0390649827845
DAD,Joyce,0.153067010693
DAD,MALE FORGETTER,0.0336769949541
DAD,MEG,0.0396534453846
DAD,MIND WORKER COP #1,0.0562602125005
DAD,MIND WORKER COP #2,0.0
DAD,MOM,0.215145980472
DAD,MOM'S Angelo,0.0259926231267
DAD,MOM'S Diane,0.078009072847
DAD,MOM'S Felipe,0.075444583733
DAD,MOM'S Joyce,0.0830930906517
DAD,MOM'S Sandra,0.0666871304682
DAD,MOUSE,0.0611776327959
DAD,PIZZA BEAR,0.00251207152151
DAD,PIZZA SLICE,0.0490474125216
DAD,RILEY,0.153339336022
DAD,RILEY VOICE,0.0359892669313
DAD,SPORTS ANNOUNCER,0.0571518357983
DAD,SUBCONSCIOUS GUARD DAVE,0.035984636932
DAD,SUBCONSCIOUS GUARD FRANK,0.063218987089
DAD,Sandra,0.131088147968
DAD,TEACHER,0.103148772811
DAD,TRAIN ENGINEER,0.0276502449236
DAD,WORKER #1,0.033879810478
DAD,WORKER FRITZ,0.0867980459319
DAD,YOUNG RILEY,0.0127392065662
DAD'S Angelo,DAD'S Angelo,1.0
DAD'S Angelo,DAD'S Felipe,0.13587006715
DAD'S Angelo,DREAM DIRECTOR,0.0198673468451
DAD'S Angelo,DREAM PRODUCTIONS COP #1,0.00298053624758
DAD'S Angelo,DREAM STUDENT #1,0.0129138330207
DAD'S Angelo,DREAM STUDENT #2,0.0425024982931
DAD'S Angelo,Diane,0.0856930782324
DAD'S Angelo,EXTRA,0.0129160820445
DAD'S Angelo,FEMALE FORGETTER,0.0422855736611
DAD'S Angelo,Felipe,0.08478021538
DAD'S Angelo,GIRL ALARM,0.00421106269968
DAD'S Angelo,GUM MEMORY,0.0238128196521
DAD'S Angelo,HELICOPTER PILOT,0.0228139784232
DAD'S Angelo,HOCKEY COACH,0.00162268723256
DAD'S Angelo,HOCKEY TEAMMATE,0.00790451995395
DAD'S Angelo,HOUSE OF CARDS WORKER,0.00165081246894
DAD'S Angelo,IMAGINARY BOYFRIEND,0.00167263163698
DAD'S Angelo,IMAGINARY BOYFRIENDS,0.00799177634668
DAD'S Angelo,JANGLES,0.0116473033778
DAD'S Angelo,Joyce,0.0756581508254
DAD'S Angelo,MALE FORGETTER,0.0501942574108
DAD'S Angelo,MEG,0.0132001250179
DAD'S Angelo,MIND WORKER COP #1,0.0315164787211
DAD'S Angelo,MIND WORKER COP #2,0.0
DAD'S Angelo,MOM,0.0407189745958
DAD'S Angelo,MOM'S Angelo,0.0431240482391
DAD'S Angelo,MOM'S Diane,0.0179462552649
DAD'S Angelo,MOM'S Felipe,0.00471022448316
DAD'S Angelo,MOM'S Joyce,0.00518774298436
DAD'S Angelo,MOM'S Sandra,0.0542699464614
DAD'S Angelo,MOUSE,0.0487633198638
DAD'S Angelo,PIZZA BEAR,0.00425372888897
DAD'S Angelo,PIZZA SLICE,0.00212276192732
DAD'S Angelo,RILEY,0.0599017601802
DAD'S Angelo,RILEY VOICE,0.0
DAD'S Angelo,SPORTS ANNOUNCER,0.0147351349066
DAD'S Angelo,SUBCONSCIOUS GUARD DAVE,0.0183541533491
DAD'S Angelo,SUBCONSCIOUS GUARD FRANK,0.0147691707714
DAD'S Angelo,Sandra,0.0780208022602
DAD'S Angelo,TEACHER,0.0171123602294
DAD'S Angelo,TRAIN ENGINEER,0.0
DAD'S Angelo,WORKER #1,0.0171984716529
DAD'S Angelo,WORKER FRITZ,0.0621080701195
DAD'S Angelo,YOUNG RILEY,0.011024304843
DAD'S Felipe,DAD'S Felipe,1.0
DAD'S Felipe,DREAM DIRECTOR,0.0118053858919
DAD'S Felipe,DREAM PRODUCTIONS COP #1,0.00323940398745
DAD'S Felipe,DREAM STUDENT #1,0.00204115246902
DAD'S Felipe,DREAM STUDENT #2,0.00256389470507
DAD'S Felipe,Diane,0.0437219867472
DAD'S Felipe,EXTRA,0.00102123711704
DAD'S Felipe,FEMALE FORGETTER,0.00191706437391
DAD'S Felipe,Felipe,0.0260547378178
DAD'S Felipe,GIRL ALARM,0.00457680503361
DAD'S Felipe,GUM MEMORY,0.00151982693512
DAD'S Felipe,HELICOPTER PILOT,0.0
DAD'S Felipe,HOCKEY COACH,0.00176362206493
DAD'S Felipe,HOCKEY TEAMMATE,0.00439055903111
DAD'S Felipe,HOUSE OF CARDS WORKER,0.00179419005515
DAD'S Felipe,IMAGINARY BOYFRIEND,0.00181790427772
DAD'S Felipe,IMAGINARY BOYFRIENDS,0.00868588402014
DAD'S Felipe,JANGLES,0.00133138397523
DAD'S Felipe,Joyce,0.0434875993962
DAD'S Felipe,MALE FORGETTER,0.0106492321737
DAD'S Felipe,MEG,0.0194089943616
DAD'S Felipe,MIND WORKER COP #1,0.00319763997558
DAD'S Felipe,MIND WORKER COP #2,0.0
DAD'S Felipe,MOM,0.0120408073349
DAD'S Felipe,MOM'S Angelo,0.00228580621141
DAD'S Felipe,MOM'S Diane,0.0388713430807
DAD'S Felipe,MOM'S Felipe,0.00323886258183
DAD'S Felipe,MOM'S Joyce,0.00356721568075
DAD'S Felipe,MOM'S Sandra,0.00198240670785
DAD'S Felipe,MOUSE,0.00342045053345
DAD'S Felipe,PIZZA BEAR,0.00236273017187
DAD'S Felipe,PIZZA SLICE,0.00230712961715
DAD'S Felipe,RILEY,0.00696658288923
DAD'S Felipe,RILEY VOICE,0.0
DAD'S Felipe,SPORTS ANNOUNCER,0.0
DAD'S Felipe,SUBCONSCIOUS GUARD DAVE,0.00307591077749
DAD'S Felipe,SUBCONSCIOUS GUARD FRANK,0.0153590411418
DAD'S Felipe,Sandra,0.0423266155525
DAD'S Felipe,TEACHER,0.00137301005298
DAD'S Felipe,TRAIN ENGINEER,0.0
DAD'S Felipe,WORKER #1,0.0530094474401
DAD'S Felipe,WORKER FRITZ,0.00159347895129
DAD'S Felipe,YOUNG RILEY,0.00298072832179
DREAM DIRECTOR,DREAM DIRECTOR,1.0
DREAM DIRECTOR,DREAM PRODUCTIONS COP #1,0.00282007351269
DREAM DIRECTOR,DREAM STUDENT #1,0.00177693181695
DREAM DIRECTOR,DREAM STUDENT #2,0.0385458735253
DREAM DIRECTOR,Diane,0.0424030562069
DREAM DIRECTOR,EXTRA,0.0177036970182
DREAM DIRECTOR,FEMALE FORGETTER,0.0601972975607
DREAM DIRECTOR,Felipe,0.0637978289064
DREAM DIRECTOR,GIRL ALARM,0.00398435227531
DREAM DIRECTOR,GUM MEMORY,0.00132309020431
DREAM DIRECTOR,HELICOPTER PILOT,0.0
DREAM DIRECTOR,HOCKEY COACH,0.00153532683511
DREAM DIRECTOR,HOCKEY TEAMMATE,0.182077066928
DREAM DIRECTOR,HOUSE OF CARDS WORKER,0.00156193789687
DREAM DIRECTOR,IMAGINARY BOYFRIEND,0.0162221249823
DREAM DIRECTOR,IMAGINARY BOYFRIENDS,0.0691701729704
DREAM DIRECTOR,JANGLES,0.00106927175331
DREAM DIRECTOR,Joyce,0.08026961043
DREAM DIRECTOR,MALE FORGETTER,0.0076167666612
DREAM DIRECTOR,MEG,0.00612400996459
DREAM DIRECTOR,MIND WORKER COP #1,0.0335979518825
DREAM DIRECTOR,MIND WORKER COP #2,0.0
DREAM DIRECTOR,MOM,0.0717037034216
DREAM DIRECTOR,MOM'S Angelo,0.0158885015568
DREAM DIRECTOR,MOM'S Diane,0.00873570067686
DREAM DIRECTOR,MOM'S Felipe,0.0127143379114
DREAM DIRECTOR,MOM'S Joyce,0.0140033065381
DREAM DIRECTOR,MOM'S Sandra,0.00682591888862
DREAM DIRECTOR,MOUSE,0.0272388112122
DREAM DIRECTOR,PIZZA BEAR,0.00189757476466
DREAM DIRECTOR,PIZZA SLICE,0.00200847907482
DREAM DIRECTOR,RILEY,0.0497782741879
DREAM DIRECTOR,RILEY VOICE,0.0122092119836
DREAM DIRECTOR,SPORTS ANNOUNCER,0.0
DREAM DIRECTOR,SUBCONSCIOUS GUARD DAVE,0.0105259339938
DREAM DIRECTOR,SUBCONSCIOUS GUARD FRANK,0.00844088280775
DREAM DIRECTOR,Sandra,0.0661162749243
DREAM DIRECTOR,TEACHER,0.0534629294602
DREAM DIRECTOR,TRAIN ENGINEER,0.0143315562845
DREAM DIRECTOR,WORKER #1,0.0588380124001
DREAM DIRECTOR,WORKER FRITZ,0.0013872082028
DREAM DIRECTOR,YOUNG RILEY,0.0325649111183
DREAM PRODUCTIONS COP #1,DREAM PRODUCTIONS COP #1,1.0
DREAM PRODUCTIONS COP #1,DREAM STUDENT #1,0.00728420361916
DREAM PRODUCTIONS COP #1,DREAM STUDENT #2,0.00914969918872
DREAM PRODUCTIONS COP #1,Diane,0.0271852736288
DREAM PRODUCTIONS COP #1,EXTRA,0.0
DREAM PRODUCTIONS COP #1,FEMALE FORGETTER,0.00327578740678
DREAM PRODUCTIONS COP #1,Felipe,0.067931033151
DREAM PRODUCTIONS COP #1,GIRL ALARM,0.0163331158725
DREAM PRODUCTIONS COP #1,GUM MEMORY,0.00542376379488
DREAM PRODUCTIONS COP #1,HELICOPTER PILOT,0.0
DREAM PRODUCTIONS COP #1,HOCKEY COACH,0.00629378864301
DREAM PRODUCTIONS COP #1,HOCKEY TEAMMATE,0.0
DREAM PRODUCTIONS COP #1,HOUSE OF CARDS WORKER,0.00640287577316
DREAM PRODUCTIONS COP #1,IMAGINARY BOYFRIEND,0.00648750405473
DREAM PRODUCTIONS COP #1,IMAGINARY BOYFRIENDS,0.0309970709074
DREAM PRODUCTIONS COP #1,JANGLES,0.0
DREAM PRODUCTIONS COP #1,Joyce,0.0543645316133
DREAM PRODUCTIONS COP #1,MALE FORGETTER,0.0425853234013
DREAM PRODUCTIONS COP #1,MEG,0.00203646589988
DREAM PRODUCTIONS COP #1,MIND WORKER COP #1,0.00521904285015
DREAM PRODUCTIONS COP #1,MIND WORKER COP #2,0.0
DREAM PRODUCTIONS COP #1,MOM,0.0378350746906
DREAM PRODUCTIONS COP #1,MOM'S Angelo,0.0817672322902
DREAM PRODUCTIONS COP #1,MOM'S Diane,0.00300961384685
DREAM PRODUCTIONS COP #1,MOM'S Felipe,0.00454404546517
DREAM PRODUCTIONS COP #1,MOM'S Joyce,0.00500471688067
DREAM PRODUCTIONS COP #1,MOM'S Sandra,0.00235165795677
DREAM PRODUCTIONS COP #1,MOUSE,0.0122064659711
DREAM PRODUCTIONS COP #1,PIZZA BEAR,0.0
DREAM PRODUCTIONS COP #1,PIZZA SLICE,0.00823338881451
DREAM PRODUCTIONS COP #1,RILEY,0.0666095858525
DREAM PRODUCTIONS COP #1,RILEY VOICE,0.0
DREAM PRODUCTIONS COP #1,SPORTS ANNOUNCER,0.0
DREAM PRODUCTIONS COP #1,SUBCONSCIOUS GUARD DAVE,0.00410473185808
DREAM PRODUCTIONS COP #1,SUBCONSCIOUS GUARD FRANK,0.00382448554579
DREAM PRODUCTIONS COP #1,Sandra,0.0668618342735
DREAM PRODUCTIONS COP #1,TEACHER,0.0
DREAM PRODUCTIONS COP #1,TRAIN ENGINEER,0.0
DREAM PRODUCTIONS COP #1,WORKER #1,0.00571820178866
DREAM PRODUCTIONS COP #1,WORKER FRITZ,0.00568660368112
DREAM PRODUCTIONS COP #1,YOUNG RILEY,0.00520149353996
DREAM STUDENT #1,DREAM STUDENT #1,1.0
DREAM STUDENT #1,DREAM STUDENT #2,0.0474816957323
DREAM STUDENT #1,Diane,0.0480119196789
DREAM STUDENT #1,EXTRA,0.0
DREAM STUDENT #1,FEMALE FORGETTER,0.0125954312217
DREAM STUDENT #1,Felipe,0.0756178583387
DREAM STUDENT #1,GIRL ALARM,0.0102915165627
DREAM STUDENT #1,GUM MEMORY,0.00341752029206
DREAM STUDENT #1,HELICOPTER PILOT,0.0
DREAM STUDENT #1,HOCKEY COACH,0.00396572402761
DREAM STUDENT #1,HOCKEY TEAMMATE,0.0
DREAM STUDENT #1,HOUSE OF CARDS WORKER,0.00403445996357
DREAM STUDENT #1,IMAGINARY BOYFRIEND,0.00408778434872
DREAM STUDENT #1,IMAGINARY BOYFRIENDS,0.0195312928119
DREAM STUDENT #1,JANGLES,0.0
DREAM STUDENT #1,Joyce,0.00507789451609
DREAM STUDENT #1,MALE FORGETTER,0.0122260456274
DREAM STUDENT #1,MEG,0.013363127894
DREAM STUDENT #1,MIND WORKER COP #1,0.00328852537095
DREAM STUDENT #1,MIND WORKER COP #2,0.0
DREAM STUDENT #1,MOM,0.00712168417164
DREAM STUDENT #1,MOM'S Angelo,0.001708563558
DREAM STUDENT #1,MOM'S Diane,0.00189636141651
DREAM STUDENT #1,MOM'S Felipe,0.00286320868175
DREAM STUDENT #1,MOM'S Joyce,0.00315347831184
DREAM STUDENT #1,MOM'S Sandra,0.00148178259437
DREAM STUDENT #1,MOUSE,0.00769130934314
DREAM STUDENT #1,PIZZA BEAR,0.0
DREAM STUDENT #1,PIZZA SLICE,0.00518786850057
DREAM STUDENT #1,RILEY,0.0081032025653
DREAM STUDENT #1,RILEY VOICE,0.0
DREAM STUDENT #1,SPORTS ANNOUNCER,0.0
DREAM STUDENT #1,SUBCONSCIOUS GUARD DAVE,0.0190701677119
DREAM STUDENT #1,SUBCONSCIOUS GUARD FRANK,0.00240981308437
DREAM STUDENT #1,Sandra,0.0471747755957
DREAM STUDENT #1,TEACHER,0.0
DREAM STUDENT #1,TRAIN ENGINEER,0.0
DREAM STUDENT #1,WORKER #1,0.0375223871072
DREAM STUDENT #1,WORKER FRITZ,0.00358313603027
DREAM STUDENT #1,YOUNG RILEY,0.0241656111992
DREAM STUDENT #2,DREAM STUDENT #2,1.0
DREAM STUDENT #2,Diane,0.0343699536974
DREAM STUDENT #2,EXTRA,0.0
DREAM STUDENT #2,FEMALE FORGETTER,0.0409012446779
DREAM STUDENT #2,Felipe,0.0953229219343
DREAM STUDENT #2,GIRL ALARM,0.0129271895278
DREAM STUDENT #2,GUM MEMORY,0.00429275241035
DREAM STUDENT #2,HELICOPTER PILOT,0.086239235942
DREAM STUDENT #2,HOCKEY COACH,0.00498135195214
DREAM STUDENT #2,HOCKEY TEAMMATE,0.0
DREAM STUDENT #2,HOUSE OF CARDS WORKER,0.00506769126532
DREAM STUDENT #2,IMAGINARY BOYFRIEND,0.00513467210619
DREAM STUDENT #2,IMAGINARY BOYFRIENDS,0.0245332864564
DREAM STUDENT #2,JANGLES,0.0
DREAM STUDENT #2,Joyce,0.0417211765365
DREAM STUDENT #2,MALE FORGETTER,0.0153571544134
DREAM STUDENT #2,MEG,0.0167854451692
DREAM STUDENT #2,MIND WORKER COP #1,0.124199155123
DREAM STUDENT #2,MIND WORKER COP #2,0.0
DREAM STUDENT #2,MOM,0.057731322359
DREAM STUDENT #2,MOM'S Angelo,0.00214612927066
DREAM STUDENT #2,MOM'S Diane,0.00238202244491
DREAM STUDENT #2,MOM'S Felipe,0.00359648075785
DREAM STUDENT #2,MOM'S Joyce,0.00396108887945
DREAM STUDENT #2,MOM'S Sandra,0.00186126935907
DREAM STUDENT #2,MOUSE,0.182095113555
DREAM STUDENT #2,PIZZA BEAR,0.0
DREAM STUDENT #2,PIZZA SLICE,0.00651648947402
DREAM STUDENT #2,RILEY,0.0651279886011
DREAM STUDENT #2,RILEY VOICE,0.0
DREAM STUDENT #2,SPORTS ANNOUNCER,0.0557003584503
DREAM STUDENT #2,SUBCONSCIOUS GUARD DAVE,0.0678736727847
DREAM STUDENT #2,SUBCONSCIOUS GUARD FRANK,0.00302696986188
DREAM STUDENT #2,Sandra,0.00764633733962
DREAM STUDENT #2,TEACHER,0.0
DREAM STUDENT #2,TRAIN ENGINEER,0.0
DREAM STUDENT #2,WORKER #1,0.0471319272255
DREAM STUDENT #2,WORKER FRITZ,0.00450078258974
DREAM STUDENT #2,YOUNG RILEY,0.0303544607954
Diane,Diane,1.0
Diane,EXTRA,0.0199135276025
Diane,FEMALE FORGETTER,0.0668425294422
Diane,Felipe,0.286023619788
Diane,GIRL ALARM,0.0425910574552
Diane,GUM MEMORY,0.0245157304233
Diane,HELICOPTER PILOT,0.00824412240118
Diane,HOCKEY COACH,0.0377307278691
Diane,HOCKEY TEAMMATE,0.0150018514658
Diane,HOUSE OF CARDS WORKER,0.029073898096
Diane,IMAGINARY BOYFRIEND,0.0717760871304
Diane,IMAGINARY BOYFRIENDS,0.0383021117826
Diane,JANGLES,0.0258164266218
Diane,Joyce,0.20194267363
Diane,MALE FORGETTER,0.0403242942021
Diane,MEG,0.0742087382069
Diane,MIND WORKER COP #1,0.0449404407429
Diane,MIND WORKER COP #2,0.0
Diane,MOM,0.151244445749
Diane,MOM'S Angelo,0.0667309621887
Diane,MOM'S Diane,0.130828074686
Diane,MOM'S Felipe,0.0509326062914
Diane,MOM'S Joyce,0.0560961100492
Diane,MOM'S Sandra,0.0668481777297
Diane,MOUSE,0.0706655341804
Diane,PIZZA BEAR,0.0504077324369
Diane,PIZZA SLICE,0.00119949833916
Diane,RILEY,0.137559174772
Diane,RILEY VOICE,0.0525602896815
Diane,SPORTS ANNOUNCER,0.00532472914258
Diane,SUBCONSCIOUS GUARD DAVE,0.0563083729542
Diane,SUBCONSCIOUS GUARD FRANK,0.0610970355056
Diane,Sandra,0.193762159328
Diane,TEACHER,0.0768925521031
Diane,TRAIN ENGINEER,0.0736034834855
Diane,WORKER #1,0.0333213790781
Diane,WORKER FRITZ,0.0102598127386
Diane,YOUNG RILEY,0.0459737996981
EXTRA,EXTRA,1.0
EXTRA,FEMALE FORGETTER,0.0126340284542
EXTRA,Felipe,0.026514520643
EXTRA,GIRL ALARM,0.0
EXTRA,GUM MEMORY,0.0
EXTRA,HELICOPTER PILOT,0.0
EXTRA,HOCKEY COACH,0.0
EXTRA,HOCKEY TEAMMATE,0.0287727708776
EXTRA,HOUSE OF CARDS WORKER,0.0
EXTRA,IMAGINARY BOYFRIEND,0.0604509729707
EXTRA,IMAGINARY BOYFRIENDS,0.0698362511622
EXTRA,JANGLES,0.00179037281852
EXTRA,Joyce,0.0369246422326
EXTRA,MALE FORGETTER,0.00127774950707
EXTRA,MEG,0.0779849104896
EXTRA,MIND WORKER COP #1,0.00233337467026
EXTRA,MIND WORKER COP #2,0.0
EXTRA,MOM,0.0390337215352
EXTRA,MOM'S Angelo,0.00205205520597
EXTRA,MOM'S Diane,0.01259506485
EXTRA,MOM'S Felipe,0.00264316085633
EXTRA,MOM'S Joyce,0.00291112222741
EXTRA,MOM'S Sandra,0.00177968192793
EXTRA,MOUSE,0.0275011089243
EXTRA,PIZZA BEAR,0.00317727113734
EXTRA,PIZZA SLICE,0.0
EXTRA,RILEY,0.0238322138827
EXTRA,RILEY VOICE,0.0138397061258
EXTRA,SPORTS ANNOUNCER,0.0
EXTRA,SUBCONSCIOUS GUARD DAVE,0.00258957411636
EXTRA,SUBCONSCIOUS GUARD FRANK,0.00170988396829
EXTRA,Sandra,0.0282224633285
EXTRA,TEACHER,0.156815708788
EXTRA,TRAIN ENGINEER,0.0162454814912
EXTRA,WORKER #1,0.0162092200991
EXTRA,WORKER FRITZ,0.0381419519562
EXTRA,YOUNG RILEY,0.0141201455735
FEMALE FORGETTER,FEMALE FORGETTER,1.0
FEMALE FORGETTER,Felipe,0.0586490187367
FEMALE FORGETTER,GIRL ALARM,0.00462820949485
FEMALE FORGETTER,GUM MEMORY,0.00153689689641
FEMALE FORGETTER,HELICOPTER PILOT,0.0217711642812
FEMALE FORGETTER,HOCKEY COACH,0.0159058788256
FEMALE FORGETTER,HOCKEY TEAMMATE,0.0281500676605
FEMALE FORGETTER,HOUSE OF CARDS WORKER,0.00181434153036
FEMALE FORGETTER,IMAGINARY BOYFRIEND,0.0180737783349
FEMALE FORGETTER,IMAGINARY BOYFRIENDS,0.0771082876219
FEMALE FORGETTER,JANGLES,0.00175162538893
FEMALE FORGETTER,Joyce,0.0889412361188
FEMALE FORGETTER,MALE FORGETTER,0.113794829693
FEMALE FORGETTER,MEG,0.0476767550014
FEMALE FORGETTER,MIND WORKER COP #1,0.0383007737872
FEMALE FORGETTER,MIND WORKER COP #2,0.0629475898555
FEMALE FORGETTER,MOM,0.0634776573138
FEMALE FORGETTER,MOM'S Angelo,0.0204054893027
FEMALE FORGETTER,MOM'S Diane,0.0336830014741
FEMALE FORGETTER,MOM'S Felipe,0.0383633416211
FEMALE FORGETTER,MOM'S Joyce,0.0422525841525
FEMALE FORGETTER,MOM'S Sandra,0.0489709133762
FEMALE FORGETTER,MOUSE,0.0738959083044
FEMALE FORGETTER,PIZZA BEAR,0.00310850831407
FEMALE FORGETTER,PIZZA SLICE,0.00233304218151
FEMALE FORGETTER,RILEY,0.0649323994872
FEMALE FORGETTER,RILEY VOICE,0.0135401858062
FEMALE FORGETTER,SPORTS ANNOUNCER,0.0140616001649
FEMALE FORGETTER,SUBCONSCIOUS GUARD DAVE,0.0268118394508
FEMALE FORGETTER,SUBCONSCIOUS GUARD FRANK,0.0541315342715
FEMALE FORGETTER,Sandra,0.103800772687
FEMALE FORGETTER,TEACHER,0.0273415811979
FEMALE FORGETTER,TRAIN ENGINEER,0.0158938951379
FEMALE FORGETTER,WORKER #1,0.0282347015223
FEMALE FORGETTER,WORKER FRITZ,0.00161137613642
FEMALE FORGETTER,YOUNG RILEY,0.0392833290563
Felipe,Felipe,1.0
Felipe,GIRL ALARM,0.0398880932178
Felipe,GUM MEMORY,0.00836407735797
Felipe,HELICOPTER PILOT,0.0
Felipe,HOCKEY COACH,0.0655034825809
Felipe,HOCKEY TEAMMATE,0.0117197267632
Felipe,HOUSE OF CARDS WORKER,0.000988667515492
Felipe,IMAGINARY BOYFRIEND,0.0561276667443
Felipe,IMAGINARY BOYFRIENDS,0.0288281428337
Felipe,JANGLES,0.0479652525118
Felipe,Joyce,0.233246717176
Felipe,MALE FORGETTER,0.0611272654027
Felipe,MEG,0.056096301534
Felipe,MIND WORKER COP #1,0.0959260949304
Felipe,MIND WORKER COP #2,0.0
Felipe,MOM,0.152734949182
Felipe,MOM'S Angelo,0.0339143465937
Felipe,MOM'S Diane,0.0730001364845
Felipe,MOM'S Felipe,0.045545043876
Felipe,MOM'S Joyce,0.0501623611964
Felipe,MOM'S Sandra,0.0866044223579
Felipe,MOUSE,0.0113523547293
Felipe,PIZZA BEAR,0.039878007593
Felipe,PIZZA SLICE,0.00127131688193
Felipe,RILEY,0.159305049381
Felipe,RILEY VOICE,0.00476446909519
Felipe,SPORTS ANNOUNCER,0.0152933672269
Felipe,SUBCONSCIOUS GUARD DAVE,0.0575435482267
Felipe,SUBCONSCIOUS GUARD FRANK,0.078076036499
Felipe,Sandra,0.237965942425
Felipe,TEACHER,0.0812243643757
Felipe,TRAIN ENGINEER,0.0425257960526
Felipe,WORKER #1,0.0561242482433
Felipe,WORKER FRITZ,0.0590712871292
Felipe,YOUNG RILEY,0.060236596878
GIRL ALARM,GIRL ALARM,1.0
GIRL ALARM,GUM MEMORY,0.00766298662768
GIRL ALARM,HELICOPTER PILOT,0.0
GIRL ALARM,HOCKEY COACH,0.00889220475537
GIRL ALARM,HOCKEY TEAMMATE,0.0
GIRL ALARM,HOUSE OF CARDS WORKER,0.00904632894869
GIRL ALARM,IMAGINARY BOYFRIEND,0.00916589635879
GIRL ALARM,IMAGINARY BOYFRIENDS,0.0437943370774
GIRL ALARM,JANGLES,0.271938248317
GIRL ALARM,Joyce,0.0348530514954
GIRL ALARM,MALE FORGETTER,0.00368674114219
GIRL ALARM,MEG,0.12468324573
GIRL ALARM,MIND WORKER COP #1,0.00737374581241
GIRL ALARM,MIND WORKER COP #2,0.0
GIRL ALARM,MOM,0.048697818901
GIRL ALARM,MOM'S Angelo,0.00383105251135
GIRL ALARM,MOM'S Diane,0.00425214510349
GIRL ALARM,MOM'S Felipe,0.00642007302532
GIRL ALARM,MOM'S Joyce,0.00707093449905
GIRL ALARM,MOM'S Sandra,0.00332254946143
GIRL ALARM,MOUSE,0.0172459548471
GIRL ALARM,PIZZA BEAR,0.0
GIRL ALARM,PIZZA SLICE,0.0116325767073
GIRL ALARM,RILEY,0.00293718710351
GIRL ALARM,RILEY VOICE,0.0
GIRL ALARM,SPORTS ANNOUNCER,0.0
GIRL ALARM,SUBCONSCIOUS GUARD DAVE,0.00579938701762
GIRL ALARM,SUBCONSCIOUS GUARD FRANK,0.00540343988115
GIRL ALARM,Sandra,0.00217334856716
GIRL ALARM,TEACHER,0.0
GIRL ALARM,TRAIN ENGINEER,0.0
GIRL ALARM,WORKER #1,0.0080789845388
GIRL ALARM,WORKER FRITZ,0.00803434102468
GIRL ALARM,YOUNG RILEY,0.00734895119848
GUM MEMORY,GUM MEMORY,1.0
GUM MEMORY,HELICOPTER PILOT,0.0
GUM MEMORY,HOCKEY COACH,0.0029528485921
GUM MEMORY,HOCKEY TEAMMATE,0.0
GUM MEMORY,HOUSE OF CARDS WORKER,0.00300402885838
GUM MEMORY,IMAGINARY BOYFRIEND,0.00304373379864
GUM MEMORY,IMAGINARY BOYFRIENDS,0.0145428552466
GUM MEMORY,JANGLES,0.0
GUM MEMORY,Joyce,0.0306806422691
GUM MEMORY,MALE FORGETTER,0.313841202131
GUM MEMORY,MEG,0.000955446044727
GUM MEMORY,MIND WORKER COP #1,0.00244861151308
GUM MEMORY,MIND WORKER COP #2,0.0
GUM MEMORY,MOM,0.0396409001136
GUM MEMORY,MOM'S Angelo,0.0012721837076
GUM MEMORY,MOM'S Diane,0.0376716275507
GUM MEMORY,MOM'S Felipe,0.00213192387215
GUM MEMORY,MOM'S Joyce,0.00234805647809
GUM MEMORY,MOM'S Sandra,0.00110332429012
GUM MEMORY,MOUSE,0.00572689168666
GUM MEMORY,PIZZA BEAR,0.0
GUM MEMORY,PIZZA SLICE,0.00386284826964
GUM MEMORY,RILEY,0.0492009538087
GUM MEMORY,RILEY VOICE,0.0
GUM MEMORY,SPORTS ANNOUNCER,0.0
GUM MEMORY,SUBCONSCIOUS GUARD DAVE,0.00192581168126
GUM MEMORY,SUBCONSCIOUS GUARD FRANK,0.00179432888518
GUM MEMORY,Sandra,0.022896917368
GUM MEMORY,TEACHER,0.0
GUM MEMORY,TRAIN ENGINEER,0.0
GUM MEMORY,WORKER #1,0.0026828012599
GUM MEMORY,WORKER FRITZ,0.00266797641708
GUM MEMORY,YOUNG RILEY,0.00244037792615
HELICOPTER PILOT,HELICOPTER PILOT,1.0
HELICOPTER PILOT,HOCKEY COACH,0.0
HELICOPTER PILOT,HOCKEY TEAMMATE,0.0
HELICOPTER PILOT,HOUSE OF CARDS WORKER,0.0
HELICOPTER PILOT,IMAGINARY BOYFRIEND,0.0
HELICOPTER PILOT,IMAGINARY BOYFRIENDS,0.0
HELICOPTER PILOT,JANGLES,0.0
HELICOPTER PILOT,Joyce,0.00936809067588
HELICOPTER PILOT,MALE FORGETTER,0.0
HELICOPTER PILOT,MEG,0.0
HELICOPTER PILOT,MIND WORKER COP #1,0.0491913732312
HELICOPTER PILOT,MIND WORKER COP #2,0.0
HELICOPTER PILOT,MOM,0.0
HELICOPTER PILOT,MOM'S Angelo,0.0
HELICOPTER PILOT,MOM'S Diane,0.0
HELICOPTER PILOT,MOM'S Felipe,0.0
HELICOPTER PILOT,MOM'S Joyce,0.0
HELICOPTER PILOT,MOM'S Sandra,0.0
HELICOPTER PILOT,MOUSE,0.149683985489
HELICOPTER PILOT,PIZZA BEAR,0.0
HELICOPTER PILOT,PIZZA SLICE,0.0
HELICOPTER PILOT,RILEY,0.0159443201158
HELICOPTER PILOT,RILEY VOICE,0.0
HELICOPTER PILOT,SPORTS ANNOUNCER,0.0483515392151
HELICOPTER PILOT,SUBCONSCIOUS GUARD DAVE,0.0
HELICOPTER PILOT,SUBCONSCIOUS GUARD FRANK,0.0
HELICOPTER PILOT,Sandra,0.0
HELICOPTER PILOT,TEACHER,0.0
HELICOPTER PILOT,TRAIN ENGINEER,0.0
HELICOPTER PILOT,WORKER #1,0.0
HELICOPTER PILOT,WORKER FRITZ,0.0
HELICOPTER PILOT,YOUNG RILEY,0.0
HOCKEY COACH,HOCKEY COACH,1.0
HOCKEY COACH,HOCKEY TEAMMATE,0.0
HOCKEY COACH,HOUSE OF CARDS WORKER,0.00348590451709
HOCKEY COACH,IMAGINARY BOYFRIEND,0.00353197851874
HOCKEY COACH,IMAGINARY BOYFRIENDS,0.0168756717014
HOCKEY COACH,JANGLES,0.0
HOCKEY COACH,Joyce,0.0272710457169
HOCKEY COACH,MALE FORGETTER,0.00142064562032
HOCKEY COACH,MEG,0.0011087089506
HOCKEY COACH,MIND WORKER COP #1,0.00284139278829
HOCKEY COACH,MIND WORKER COP #2,0.0
HOCKEY COACH,MOM,0.0169558186676
HOCKEY COACH,MOM'S Angelo,0.0014762544376
HOCKEY COACH,MOM'S Diane,0.00163851789026
HOCKEY COACH,MOM'S Felipe,0.00247390534723
HOCKEY COACH,MOM'S Joyce,0.00272470774057
HOCKEY COACH,MOM'S Sandra,0.0907830769507
HOCKEY COACH,MOUSE,0.00664554121831
HOCKEY COACH,PIZZA BEAR,0.0
HOCKEY COACH,PIZZA SLICE,0.00448248697557
HOCKEY COACH,RILEY,0.0529534401338
HOCKEY COACH,RILEY VOICE,0.18492858518
HOCKEY COACH,SPORTS ANNOUNCER,0.0
HOCKEY COACH,SUBCONSCIOUS GUARD DAVE,0.00223473074169
HOCKEY COACH,SUBCONSCIOUS GUARD FRANK,0.0558870453571
HOCKEY COACH,Sandra,0.0147767119179
HOCKEY COACH,TEACHER,0.0170934818689
HOCKEY COACH,TRAIN ENGINEER,0.0
HOCKEY COACH,WORKER #1,0.00311314886481
HOCKEY COACH,WORKER FRITZ,0.00309594597196
HOCKEY COACH,YOUNG RILEY,0.00283183845336
HOCKEY TEAMMATE,HOCKEY TEAMMATE,1.0
HOCKEY TEAMMATE,HOUSE OF CARDS WORKER,0.0
HOCKEY TEAMMATE,IMAGINARY BOYFRIEND,0.0713444133722
HOCKEY TEAMMATE,IMAGINARY BOYFRIENDS,0.30024386905
HOCKEY TEAMMATE,JANGLES,0.00769726972925
HOCKEY TEAMMATE,Joyce,0.0112261606809
HOCKEY TEAMMATE,MALE FORGETTER,0.00549337126916
HOCKEY TEAMMATE,MEG,0.00815887111806
HOCKEY TEAMMATE,MIND WORKER COP #1,0.010031773288
HOCKEY TEAMMATE,MIND WORKER COP #2,0.0
HOCKEY TEAMMATE,MOM,0.0191918135854
HOCKEY TEAMMATE,MOM'S Angelo,0.00882230910581
HOCKEY TEAMMATE,MOM'S Diane,0.00979201886547
HOCKEY TEAMMATE,MOM'S Felipe,0.0113636231731
HOCKEY TEAMMATE,MOM'S Joyce,0.0125156575029
HOCKEY TEAMMATE,MOM'S Sandra,0.00765130686181
HOCKEY TEAMMATE,MOUSE,0.118234286766
HOCKEY TEAMMATE,PIZZA BEAR,0.0136598995997
HOCKEY TEAMMATE,PIZZA SLICE,0.0
HOCKEY TEAMMATE,RILEY,0.0127155139684
HOCKEY TEAMMATE,RILEY VOICE,0.0595004291405
HOCKEY TEAMMATE,SPORTS ANNOUNCER,0.0
HOCKEY TEAMMATE,SUBCONSCIOUS GUARD DAVE,0.0111332401002
HOCKEY TEAMMATE,SUBCONSCIOUS GUARD FRANK,0.0073512276178
HOCKEY TEAMMATE,Sandra,0.0151470201802
HOCKEY TEAMMATE,TEACHER,0.035018484054
HOCKEY TEAMMATE,TRAIN ENGINEER,0.0698434714969
HOCKEY TEAMMATE,WORKER #1,0.0696875745168
HOCKEY TEAMMATE,WORKER FRITZ,0.0
HOCKEY TEAMMATE,YOUNG RILEY,0.00880614985833
HOUSE OF CARDS WORKER,HOUSE OF CARDS WORKER,1.0
HOUSE OF CARDS WORKER,IMAGINARY BOYFRIEND,0.00359319655802
HOUSE OF CARDS WORKER,IMAGINARY BOYFRIENDS,0.0171681693844
HOUSE OF CARDS WORKER,JANGLES,0.0
HOUSE OF CARDS WORKER,Joyce,0.000643147746172
HOUSE OF CARDS WORKER,MALE FORGETTER,0.00144526896922
HOUSE OF CARDS WORKER,MEG,0.00112792565527
HOUSE OF CARDS WORKER,MIND WORKER COP #1,0.00289064124617
HOUSE OF CARDS WORKER,MIND WORKER COP #2,0.0
HOUSE OF CARDS WORKER,MOM,0.00103685647238
HOUSE OF CARDS WORKER,MOM'S Angelo,0.00150184162667
HOUSE OF CARDS WORKER,MOM'S Diane,0.00166691751161
HOUSE OF CARDS WORKER,MOM'S Felipe,0.0025167843268
HOUSE OF CARDS WORKER,MOM'S Joyce,0.00277193375415
HOUSE OF CARDS WORKER,MOM'S Sandra,0.00130249926699
HOUSE OF CARDS WORKER,MOUSE,0.00676072510213
HOUSE OF CARDS WORKER,PIZZA BEAR,0.0
HOUSE OF CARDS WORKER,PIZZA SLICE,0.0045601797085
HOUSE OF CARDS WORKER,RILEY,0.00115143027779
HOUSE OF CARDS WORKER,RILEY VOICE,0.0
HOUSE OF CARDS WORKER,SPORTS ANNOUNCER,0.0
HOUSE OF CARDS WORKER,SUBCONSCIOUS GUARD DAVE,0.00227346422594
HOUSE OF CARDS WORKER,SUBCONSCIOUS GUARD FRANK,0.00211824581278
HOUSE OF CARDS WORKER,Sandra,0.000851991805844
HOUSE OF CARDS WORKER,TEACHER,0.0
HOUSE OF CARDS WORKER,TRAIN ENGINEER,0.0
HOUSE OF CARDS WORKER,WORKER #1,0.00316710753655
HOUSE OF CARDS WORKER,WORKER FRITZ,0.00314960647446
HOUSE OF CARDS WORKER,YOUNG RILEY,0.00288092131067
IMAGINARY BOYFRIEND,IMAGINARY BOYFRIEND,1.0
IMAGINARY BOYFRIEND,IMAGINARY BOYFRIENDS,0.235267166805
IMAGINARY BOYFRIEND,JANGLES,0.0
IMAGINARY BOYFRIEND,Joyce,0.0362612902566
IMAGINARY BOYFRIEND,MALE FORGETTER,0.00146437142156
IMAGINARY BOYFRIEND,MEG,0.0383297383938
IMAGINARY BOYFRIEND,MIND WORKER COP #1,0.00292884751629
IMAGINARY BOYFRIEND,MIND WORKER COP #2,0.0
IMAGINARY BOYFRIEND,MOM,0.0327531841679
IMAGINARY BOYFRIEND,MOM'S Angelo,0.00152169181283
IMAGINARY BOYFRIEND,MOM'S Diane,0.00168894954371
IMAGINARY BOYFRIEND,MOM'S Felipe,0.00255004924403
IMAGINARY BOYFRIEND,MOM'S Joyce,0.00280857104004
IMAGINARY BOYFRIEND,MOM'S Sandra,0.00131971469934
IMAGINARY BOYFRIEND,MOUSE,0.315543126375
IMAGINARY BOYFRIEND,PIZZA BEAR,0.0
IMAGINARY BOYFRIEND,PIZZA SLICE,0.00462045265241
IMAGINARY BOYFRIEND,RILEY,0.0234274794454
IMAGINARY BOYFRIEND,RILEY VOICE,0.155347226649
IMAGINARY BOYFRIEND,SPORTS ANNOUNCER,0.0
IMAGINARY BOYFRIEND,SUBCONSCIOUS GUARD DAVE,0.00230351312544
IMAGINARY BOYFRIEND,SUBCONSCIOUS GUARD FRANK,0.00214624315483
IMAGINARY BOYFRIEND,Sandra,0.0445721662712
IMAGINARY BOYFRIEND,TEACHER,0.0595685513263
IMAGINARY BOYFRIEND,TRAIN ENGINEER,0.050681942588
IMAGINARY BOYFRIEND,WORKER #1,0.0434010406356
IMAGINARY BOYFRIEND,WORKER FRITZ,0.00319123554755
IMAGINARY BOYFRIEND,YOUNG RILEY,0.00291899911017
IMAGINARY BOYFRIENDS,IMAGINARY BOYFRIENDS,1.0
IMAGINARY BOYFRIENDS,JANGLES,0.0
IMAGINARY BOYFRIENDS,Joyce,0.0294437861535
IMAGINARY BOYFRIENDS,MALE FORGETTER,0.00699671621102
IMAGINARY BOYFRIENDS,MEG,0.00546042009141
IMAGINARY BOYFRIENDS,MIND WORKER COP #1,0.0139939325469
IMAGINARY BOYFRIENDS,MIND WORKER COP #2,0.0
IMAGINARY BOYFRIENDS,MOM,0.0495276306282
IMAGINARY BOYFRIENDS,MOM'S Angelo,0.0072705910661
IMAGINARY BOYFRIENDS,MOM'S Diane,0.00806974274292
IMAGINARY BOYFRIENDS,MOM'S Felipe,0.01218404745
IMAGINARY BOYFRIENDS,MOM'S Joyce,0.0134192556864
IMAGINARY BOYFRIENDS,MOM'S Sandra,0.00630555137507
IMAGINARY BOYFRIENDS,MOUSE,0.393794175183
IMAGINARY BOYFRIENDS,PIZZA BEAR,0.0
IMAGINARY BOYFRIENDS,PIZZA SLICE,0.0220763636189
IMAGINARY BOYFRIENDS,RILEY,0.0316117257663
IMAGINARY BOYFRIENDS,RILEY VOICE,0.181702837696
IMAGINARY BOYFRIENDS,SPORTS ANNOUNCER,0.0
IMAGINARY BOYFRIENDS,SUBCONSCIOUS GUARD DAVE,0.0110061063674
IMAGINARY BOYFRIENDS,SUBCONSCIOUS GUARD FRANK,0.0102546758651
IMAGINARY BOYFRIENDS,Sandra,0.0393962294809
IMAGINARY BOYFRIENDS,TEACHER,0.0826987997545
IMAGINARY BOYFRIENDS,TRAIN ENGINEER,0.213288494703
IMAGINARY BOYFRIENDS,WORKER #1,0.18447555273
IMAGINARY BOYFRIENDS,WORKER FRITZ,0.0152476135221
IMAGINARY BOYFRIENDS,YOUNG RILEY,0.0139468772017
JANGLES,JANGLES,1.0
JANGLES,Joyce,0.035081034437
JANGLES,MALE FORGETTER,0.0306865610297
JANGLES,MEG,0.0465058005631
JANGLES,MIND WORKER COP #1,0.0229875741185
JANGLES,MIND WORKER COP #2,0.0
JANGLES,MOM,0.019874366135
JANGLES,MOM'S Angelo,0.00267525863672
JANGLES,MOM'S Diane,0.00296931140437
JANGLES,MOM'S Felipe,0.00344588142102
JANGLES,MOM'S Joyce,0.00379522191156
JANGLES,MOM'S Sandra,0.0023201663554
JANGLES,MOUSE,0.0
JANGLES,PIZZA BEAR,0.00414219950158
JANGLES,PIZZA SLICE,0.0
JANGLES,RILEY,0.00564704802851
JANGLES,RILEY VOICE,0.0
JANGLES,SPORTS ANNOUNCER,0.0
JANGLES,SUBCONSCIOUS GUARD DAVE,0.0171929432295
JANGLES,SUBCONSCIOUS GUARD FRANK,0.065346280128
JANGLES,Sandra,0.0387602380127
JANGLES,TEACHER,0.00240708042959
JANGLES,TRAIN ENGINEER,0.12721528415
JANGLES,WORKER #1,0.00433627820325
JANGLES,WORKER FRITZ,0.0
JANGLES,YOUNG RILEY,0.00267035854017
Joyce,Joyce,1.0
Joyce,MALE FORGETTER,0.0819943295207
Joyce,MEG,0.0761016276027
Joyce,MIND WORKER COP #1,0.0540081460705
Joyce,MIND WORKER COP #2,0.036566393747
Joyce,MOM,0.184999751822
Joyce,MOM'S Angelo,0.035925597323
Joyce,MOM'S Diane,0.0548757931398
Joyce,MOM'S Felipe,0.0557094730982
Joyce,MOM'S Joyce,0.0466034491912
Joyce,MOM'S Sandra,0.0687454426067
Joyce,MOUSE,0.030326147135
Joyce,PIZZA BEAR,0.0683076125626
Joyce,PIZZA SLICE,0.000827016741697
Joyce,RILEY,0.177313621234
Joyce,RILEY VOICE,0.0052179588114
Joyce,SPORTS ANNOUNCER,0.0304162970904
Joyce,SUBCONSCIOUS GUARD DAVE,0.0427669804822
Joyce,SUBCONSCIOUS GUARD FRANK,0.0514383227281
Joyce,Sandra,0.316408420928
Joyce,TEACHER,0.0905829349605
Joyce,TRAIN ENGINEER,0.029853216219
Joyce,WORKER #1,0.0436919254434
Joyce,WORKER FRITZ,0.0656823436397
Joyce,YOUNG RILEY,0.0834553836025
MALE FORGETTER,MALE FORGETTER,1.0
MALE FORGETTER,MEG,0.0101288504482
MALE FORGETTER,MIND WORKER COP #1,0.00334907018931
MALE FORGETTER,MIND WORKER COP #2,0.0551947415545
MALE FORGETTER,MOM,0.0601609020263
MALE FORGETTER,MOM'S Angelo,0.0172965955221
MALE FORGETTER,MOM'S Diane,0.0415821309575
MALE FORGETTER,MOM'S Felipe,0.00348493975614
MALE FORGETTER,MOM'S Joyce,0.00383823994705
MALE FORGETTER,MOM'S Sandra,0.0204217442308
MALE FORGETTER,MOUSE,0.00275526608931
MALE FORGETTER,PIZZA BEAR,0.00295619622717
MALE FORGETTER,PIZZA SLICE,0.00185845576062
MALE FORGETTER,RILEY,0.0690594818942
MALE FORGETTER,RILEY VOICE,0.0716385213774
MALE FORGETTER,SPORTS ANNOUNCER,0.0
MALE FORGETTER,SUBCONSCIOUS GUARD DAVE,0.00858804492007
MALE FORGETTER,SUBCONSCIOUS GUARD FRANK,0.0368518142589
MALE FORGETTER,Sandra,0.0995209364797
MALE FORGETTER,TEACHER,0.00171788009769
MALE FORGETTER,TRAIN ENGINEER,0.0143560317452
MALE FORGETTER,WORKER #1,0.0151929470529
MALE FORGETTER,WORKER FRITZ,0.012605379414
MALE FORGETTER,YOUNG RILEY,0.00973533168933
MEG,MEG,1.0
MEG,MIND WORKER COP #1,0.0173403874403
MEG,MIND WORKER COP #2,0.0
MEG,MOM,0.0736616482881
MEG,MOM'S Angelo,0.0113315075295
MEG,MOM'S Diane,0.0340607886071
MEG,MOM'S Felipe,0.0328452538211
MEG,MOM'S Joyce,0.036175077364
MEG,MOM'S Sandra,0.0149013843565
MEG,MOUSE,0.0931813505793
MEG,PIZZA BEAR,0.00439060511941
MEG,PIZZA SLICE,0.00145038742007
MEG,RILEY,0.0796268178032
MEG,RILEY VOICE,0.0458106342582
MEG,SPORTS ANNOUNCER,0.0890907487714
MEG,SUBCONSCIOUS GUARD DAVE,0.0510255140353
MEG,SUBCONSCIOUS GUARD FRANK,0.0219604450499
MEG,Sandra,0.0881205463014
MEG,TEACHER,0.033025832565
MEG,TRAIN ENGINEER,0.0213218817802
MEG,WORKER #1,0.0747008154081
MEG,WORKER FRITZ,0.0507169821437
MEG,YOUNG RILEY,0.0248917811564
MIND WORKER COP #1,MIND WORKER COP #1,1.0
MIND WORKER COP #1,MIND WORKER COP #2,0.0
MIND WORKER COP #1,MOM,0.0413510804548
MIND WORKER COP #1,MOM'S Angelo,0.00471080225352
MIND WORKER COP #1,MOM'S Diane,0.00522859310241
MIND WORKER COP #1,MOM'S Felipe,0.00654243620081
MIND WORKER COP #1,MOM'S Joyce,0.00720570274788
MIND WORKER COP #1,MOM'S Sandra,0.108752163848
MIND WORKER COP #1,MOUSE,0.103868136082
MIND WORKER COP #1,PIZZA BEAR,0.00539848644715
MIND WORKER COP #1,PIZZA SLICE,0.00371704436353
MIND WORKER COP #1,RILEY,0.0415525834322
MIND WORKER COP #1,RILEY VOICE,0.0
MIND WORKER COP #1,SPORTS ANNOUNCER,0.0317718158297
MIND WORKER COP #1,SUBCONSCIOUS GUARD DAVE,0.0493125141734
MIND WORKER COP #1,SUBCONSCIOUS GUARD FRANK,0.0629156823469
MIND WORKER COP #1,Sandra,0.0472333746772
MIND WORKER COP #1,TEACHER,0.00313712342232
MIND WORKER COP #1,TRAIN ENGINEER,0.0
MIND WORKER COP #1,WORKER #1,0.169813623252
MIND WORKER COP #1,WORKER FRITZ,0.067374084357
MIND WORKER COP #1,YOUNG RILEY,0.00582851652421
MIND WORKER COP #2,MIND WORKER COP #2,1.0
MIND WORKER COP #2,MOM,0.0
MIND WORKER COP #2,MOM'S Angelo,0.0
MIND WORKER COP #2,MOM'S Diane,0.0
MIND WORKER COP #2,MOM'S Felipe,0.0
MIND WORKER COP #2,MOM'S Joyce,0.0
MIND WORKER COP #2,MOM'S Sandra,0.0
MIND WORKER COP #2,MOUSE,0.0
MIND WORKER COP #2,PIZZA BEAR,0.0
MIND WORKER COP #2,PIZZA SLICE,0.0
MIND WORKER COP #2,RILEY,0.0
MIND WORKER COP #2,RILEY VOICE,0.0
MIND WORKER COP #2,SPORTS ANNOUNCER,0.0
MIND WORKER COP #2,SUBCONSCIOUS GUARD DAVE,0.0
MIND WORKER COP #2,SUBCONSCIOUS GUARD FRANK,0.0
MIND WORKER COP #2,Sandra,0.0159184031718
MIND WORKER COP #2,TEACHER,0.0
MIND WORKER COP #2,TRAIN ENGINEER,0.0
MIND WORKER COP #2,WORKER #1,0.0
MIND WORKER COP #2,WORKER FRITZ,0.0
MIND WORKER COP #2,YOUNG RILEY,0.0
MOM,MOM,1.0
MOM,MOM'S Angelo,0.0398263401852
MOM,MOM'S Diane,0.0565287415521
MOM,MOM'S Felipe,0.0427761870848
MOM,MOM'S Joyce,0.0471128000885
MOM,MOM'S Sandra,0.0582679728073
MOM,MOUSE,0.019503692452
MOM,PIZZA BEAR,0.0254833181714
MOM,PIZZA SLICE,0.00133328254122
MOM,RILEY,0.168092760509
MOM,RILEY VOICE,0.00882033092482
MOM,SPORTS ANNOUNCER,0.0722659033893
MOM,SUBCONSCIOUS GUARD DAVE,0.0297145366836
MOM,SUBCONSCIOUS GUARD FRANK,0.0528209503787
MOM,Sandra,0.145945269786
MOM,TEACHER,0.103260525947
MOM,TRAIN ENGINEER,0.0208417839327
MOM,WORKER #1,0.0303146112465
MOM,WORKER FRITZ,0.042764573383
MOM,YOUNG RILEY,0.0288583520705
MOM'S Angelo,MOM'S Angelo,1.0
MOM'S Angelo,MOM'S Diane,0.0272936279213
MOM'S Angelo,MOM'S Felipe,0.00501537362955
MOM'S Angelo,MOM'S Joyce,0.00552382788839
MOM'S Angelo,MOM'S Sandra,0.0124700304056
MOM'S Angelo,MOUSE,0.00286311641197
MOM'S Angelo,PIZZA BEAR,0.00474762684254
MOM'S Angelo,PIZZA SLICE,0.00193120192993
MOM'S Angelo,RILEY,0.0181386422559
MOM'S Angelo,RILEY VOICE,0.0
MOM'S Angelo,SPORTS ANNOUNCER,0.0
MOM'S Angelo,SUBCONSCIOUS GUARD DAVE,0.00483225758222
MOM'S Angelo,SUBCONSCIOUS GUARD FRANK,0.003452049666
MOM'S Angelo,Sandra,0.0564926675361
MOM'S Angelo,TEACHER,0.0242960916463
MOM'S Angelo,TRAIN ENGINEER,0.0283902484769
MOM'S Angelo,WORKER #1,0.00631131855504
MOM'S Angelo,WORKER FRITZ,0.0237236148865
MOM'S Angelo,YOUNG RILEY,0.00428070895992
MOM'S Diane,MOM'S Diane,1.0
MOM'S Diane,MOM'S Felipe,0.547016510332
MOM'S Diane,MOM'S Joyce,0.602472573007
MOM'S Diane,MOM'S Sandra,0.281200369968
MOM'S Diane,MOUSE,0.00317781768739
MOM'S Diane,PIZZA BEAR,0.00526946528974
MOM'S Diane,PIZZA SLICE,0.00214347122778
MOM'S Diane,RILEY,0.0662597648183
MOM'S Diane,RILEY VOICE,0.0
MOM'S Diane,SPORTS ANNOUNCER,0.0
MOM'S Diane,SUBCONSCIOUS GUARD DAVE,0.0168915555386
MOM'S Diane,SUBCONSCIOUS GUARD FRANK,0.0132047220949
MOM'S Diane,Sandra,0.0982615063547
MOM'S Diane,TEACHER,0.0452721615263
MOM'S Diane,TRAIN ENGINEER,0.0
MOM'S Diane,WORKER #1,0.007005031179
MOM'S Diane,WORKER FRITZ,0.00148044403694
MOM'S Diane,YOUNG RILEY,0.0201398132089
MOM'S Felipe,MOM'S Felipe,1.0
MOM'S Felipe,MOM'S Joyce,0.907952552267
MOM'S Felipe,MOM'S Sandra,0.42353739024
MOM'S Felipe,MOUSE,0.00479800691595
MOM'S Felipe,PIZZA BEAR,0.00611520654717
MOM'S Felipe,PIZZA SLICE,0.00323630578804
MOM'S Felipe,RILEY,0.0539574804452
MOM'S Felipe,RILEY VOICE,0.0
MOM'S Felipe,SPORTS ANNOUNCER,0.0
MOM'S Felipe,SUBCONSCIOUS GUARD DAVE,0.0240032446211
MOM'S Felipe,SUBCONSCIOUS GUARD FRANK,0.0189463821946
MOM'S Felipe,Sandra,0.0487078081583
MOM'S Felipe,TEACHER,0.0170134589514
MOM'S Felipe,TRAIN ENGINEER,0.0
MOM'S Felipe,WORKER #1,0.00864938744985
MOM'S Felipe,WORKER FRITZ,0.00223523859034
MOM'S Felipe,YOUNG RILEY,0.00598685612188
MOM'S Joyce,MOM'S Joyce,1.0
MOM'S Joyce,MOM'S Sandra,0.466475246072
MOM'S Joyce,MOUSE,0.00528442472459
MOM'S Joyce,PIZZA BEAR,0.00673516091992
MOM'S Joyce,PIZZA SLICE,0.00356439968141
MOM'S Joyce,RILEY,0.0594276433394
MOM'S Joyce,RILEY VOICE,0.0
MOM'S Joyce,SPORTS ANNOUNCER,0.0
MOM'S Joyce,SUBCONSCIOUS GUARD DAVE,0.0264366728869
MOM'S Joyce,SUBCONSCIOUS GUARD FRANK,0.020867150103
MOM'S Joyce,Sandra,0.0536457637975
MOM'S Joyce,TEACHER,0.0187382687662
MOM'S Joyce,TRAIN ENGINEER,0.0
MOM'S Joyce,WORKER #1,0.00952625489983
MOM'S Joyce,WORKER FRITZ,0.00246184515343
MOM'S Joyce,YOUNG RILEY,0.00659379843906
MOM'S Sandra,MOM'S Sandra,1.0
MOM'S Sandra,MOUSE,0.00248308940282
MOM'S Sandra,PIZZA BEAR,0.00411746509921
MOM'S Sandra,PIZZA SLICE,0.00167486974224
MOM'S Sandra,RILEY,0.0692872075945
MOM'S Sandra,RILEY VOICE,0.0
MOM'S Sandra,SPORTS ANNOUNCER,0.0
MOM'S Sandra,SUBCONSCIOUS GUARD DAVE,0.0131987567196
MOM'S Sandra,SUBCONSCIOUS GUARD FRANK,0.0258536076107
MOM'S Sandra,Sandra,0.0523407134452
MOM'S Sandra,TEACHER,0.0237152289535
MOM'S Sandra,TRAIN ENGINEER,0.0246219555872
MOM'S Sandra,WORKER #1,0.00547360496987
MOM'S Sandra,WORKER FRITZ,0.0205747333483
MOM'S Sandra,YOUNG RILEY,0.00371252213515
MOUSE,MOUSE,1.0
MOUSE,PIZZA BEAR,0.0
MOUSE,PIZZA SLICE,0.00869354340235
MOUSE,RILEY,0.0836764241936
MOUSE,RILEY VOICE,0.34613997214
MOUSE,SPORTS ANNOUNCER,0.0966781715415
MOUSE,SUBCONSCIOUS GUARD DAVE,0.00433414057895
MOUSE,SUBCONSCIOUS GUARD FRANK,0.00403823162407
MOUSE,Sandra,0.0416245824352
MOUSE,TEACHER,0.032566305638
MOUSE,TRAIN ENGINEER,0.0839917668475
MOUSE,WORKER #1,0.0726453981289
MOUSE,WORKER FRITZ,0.00600442139045
MOUSE,YOUNG RILEY,0.00549219900401
PIZZA BEAR,PIZZA BEAR,1.0
PIZZA BEAR,PIZZA SLICE,0.0
PIZZA BEAR,RILEY,0.0224638207442
PIZZA BEAR,RILEY VOICE,0.0
PIZZA BEAR,SPORTS ANNOUNCER,0.0
PIZZA BEAR,SUBCONSCIOUS GUARD DAVE,0.00599122847662
PIZZA BEAR,SUBCONSCIOUS GUARD FRANK,0.0039559808147
PIZZA BEAR,Sandra,0.00193566713443
PIZZA BEAR,TEACHER,0.00427170648206
PIZZA BEAR,TRAIN ENGINEER,0.0
PIZZA BEAR,WORKER #1,0.00769534224164
PIZZA BEAR,WORKER FRITZ,0.0
PIZZA BEAR,YOUNG RILEY,0.00473893092448
PIZZA SLICE,PIZZA SLICE,1.0
PIZZA SLICE,RILEY,0.00148061176036
PIZZA SLICE,RILEY VOICE,0.0
PIZZA SLICE,SPORTS ANNOUNCER,0.0
PIZZA SLICE,SUBCONSCIOUS GUARD DAVE,0.00292342309787
PIZZA SLICE,SUBCONSCIOUS GUARD FRANK,0.00272382941654
PIZZA SLICE,Sandra,0.0010955670628
PIZZA SLICE,TEACHER,0.0
PIZZA SLICE,TRAIN ENGINEER,0.0
PIZZA SLICE,WORKER #1,0.00407254938087
PIZZA SLICE,WORKER FRITZ,0.00405004495411
PIZZA SLICE,YOUNG RILEY,0.00370454560343
RILEY,RILEY,1.0
RILEY,RILEY VOICE,0.165075515163
RILEY,SPORTS ANNOUNCER,0.0102981471948
RILEY,SUBCONSCIOUS GUARD DAVE,0.0529350776483
RILEY,SUBCONSCIOUS GUARD FRANK,0.0551718673918
RILEY,Sandra,0.168833907326
RILEY,TEACHER,0.0938974359386
RILEY,TRAIN ENGINEER,0.0224447454874
RILEY,WORKER #1,0.0362860932822
RILEY,WORKER FRITZ,0.0139467788425
RILEY,YOUNG RILEY,0.0399426004738
RILEY VOICE,RILEY VOICE,1.0
RILEY VOICE,SPORTS ANNOUNCER,0.0
RILEY VOICE,SUBCONSCIOUS GUARD DAVE,0.0
RILEY VOICE,SUBCONSCIOUS GUARD FRANK,0.0
RILEY VOICE,Sandra,0.0201298420855
RILEY VOICE,TEACHER,0.0807294779721
RILEY VOICE,TRAIN ENGINEER,0.0422681635621
RILEY VOICE,WORKER #1,0.0335197314166
RILEY VOICE,WORKER FRITZ,0.0
RILEY VOICE,YOUNG RILEY,0.0
SPORTS ANNOUNCER,SPORTS ANNOUNCER,1.0
SPORTS ANNOUNCER,SUBCONSCIOUS GUARD DAVE,0.0
SPORTS ANNOUNCER,SUBCONSCIOUS GUARD FRANK,0.0
SPORTS ANNOUNCER,Sandra,0.0125948236793
SPORTS ANNOUNCER,TEACHER,0.0
SPORTS ANNOUNCER,TRAIN ENGINEER,0.0
SPORTS ANNOUNCER,WORKER #1,0.0
SPORTS ANNOUNCER,WORKER FRITZ,0.0
SPORTS ANNOUNCER,YOUNG RILEY,0.0
SUBCONSCIOUS GUARD DAVE,SUBCONSCIOUS GUARD DAVE,1.0
SUBCONSCIOUS GUARD DAVE,SUBCONSCIOUS GUARD FRANK,0.271061058401
SUBCONSCIOUS GUARD DAVE,Sandra,0.0384523081417
SUBCONSCIOUS GUARD DAVE,TEACHER,0.0276107779656
SUBCONSCIOUS GUARD DAVE,TRAIN ENGINEER,0.0
SUBCONSCIOUS GUARD DAVE,WORKER #1,0.0251376156091
SUBCONSCIOUS GUARD DAVE,WORKER FRITZ,0.00201913803955
SUBCONSCIOUS GUARD DAVE,YOUNG RILEY,0.0160767577606
SUBCONSCIOUS GUARD FRANK,SUBCONSCIOUS GUARD FRANK,1.0
SUBCONSCIOUS GUARD FRANK,Sandra,0.0519397364773
SUBCONSCIOUS GUARD FRANK,TEACHER,0.0294758671933
SUBCONSCIOUS GUARD FRANK,TRAIN ENGINEER,0.0
SUBCONSCIOUS GUARD FRANK,WORKER #1,0.00603307142042
SUBCONSCIOUS GUARD FRANK,WORKER FRITZ,0.00188128348312
SUBCONSCIOUS GUARD FRANK,YOUNG RILEY,0.00427110446116
Sandra,Sandra,1.0
Sandra,TEACHER,0.0475825130458
Sandra,TRAIN ENGINEER,0.0204365496025
Sandra,WORKER #1,0.0240104017127
Sandra,WORKER FRITZ,0.0198397510308
Sandra,YOUNG RILEY,0.0496503642799
TEACHER,TEACHER,1.0
TEACHER,TRAIN ENGINEER,0.0192375993613
TEACHER,WORKER #1,0.0197277599013
TEACHER,WORKER FRITZ,0.0451669955729
TEACHER,YOUNG RILEY,0.0137414968956
TRAIN ENGINEER,TRAIN ENGINEER,1.0
TRAIN ENGINEER,WORKER #1,0.0393465129513
TRAIN ENGINEER,WORKER FRITZ,0.0595389745672
TRAIN ENGINEER,YOUNG RILEY,0.0
WORKER #1,WORKER #1,1.0
WORKER #1,WORKER FRITZ,0.0951925180952
WORKER #1,YOUNG RILEY,0.0288674467753
WORKER FRITZ,WORKER FRITZ,1.0
WORKER FRITZ,YOUNG RILEY,0.00255864057194
YOUNG RILEY,YOUNG RILEY,1.0
