location1,location2,boolean_similarity
ABSTRACT THOUGHT BUILDING,ABSTRACT THOUGHT BUILDING,1.0
ABSTRACT THOUGHT BUILDING,BLACK.,0.111441799673
ABSTRACT THOUGHT BUILDING,BUS,0.128569260108
ABSTRACT THOUGHT BUILDING,CLASSROOM,0.201190546761
ABSTRACT THOUGHT BUILDING,DAD'S HEADQUARTERS,0.098595252782
ABSTRACT THOUGHT BUILDING,DO NOT ENTER WHEN LIGHT FLASHING.,0.0924026588693
ABSTRACT THOUGHT BUILDING,DREAM PRODUCTIONS,0.133606278007
ABSTRACT THOUGHT BUILDING,EXT. SCHOOL - MORNING,0.0572598334314
ABSTRACT THOUGHT BUILDING,FALLS!,0.0820092368105
ABSTRACT THOUGHT BUILDING,GOOFBALL ISLAND,0.116881145553
ABSTRACT THOUGHT BUILDING,HEADQUARTERS,0.240012640052
ABSTRACT THOUGHT BUILDING,HOCKEY RINK,0.184394181929
ABSTRACT THOUGHT BUILDING,HOSPITAL,0.0261354186745
ABSTRACT THOUGHT BUILDING,IMAGINATIONLAND,0.259933639927
ABSTRACT THOUGHT BUILDING,LONG-TERM MEMORY,0.29051730265
ABSTRACT THOUGHT BUILDING,MEMORY DUMP,0.213819236217
ABSTRACT THOUGHT BUILDING,MIND WORLD,0.232509824353
ABSTRACT THOUGHT BUILDING,MINNESOTA HOUSE,0.144150641813
ABSTRACT THOUGHT BUILDING,MINNESOTA LAKE,0.0887065525145
ABSTRACT THOUGHT BUILDING,MOM'S HEADQUARTERS,0.156812512047
ABSTRACT THOUGHT BUILDING,ON THE SCREEN:,0.10148125307
ABSTRACT THOUGHT BUILDING,SAN FRANCISCO HOUSE,0.229652559277
ABSTRACT THOUGHT BUILDING,SAN FRANCISCO STREET,0.123013855216
ABSTRACT THOUGHT BUILDING,STAGE B,0.213485586874
ABSTRACT THOUGHT BUILDING,SUBCONSCIOUS CAVE,0.260850352299
ABSTRACT THOUGHT BUILDING,SUBCONSCIOUS GATE,0.259279430054
ABSTRACT THOUGHT BUILDING,SUBCONSCIOUS STAIRS,0.110883190643
ABSTRACT THOUGHT BUILDING,THE BACK OF THE ROOM,0.154275241145
ABSTRACT THOUGHT BUILDING,TITLE CARD: INSIDE OUT,0.110321753159
ABSTRACT THOUGHT BUILDING,TRAIN CAR,0.245677990695
ABSTRACT THOUGHT BUILDING,TRAIN STATION,0.174236124496
BLACK.,BLACK.,1.0
BLACK.,BUS,0.0476731294623
BLACK.,CLASSROOM,0.123091490979
BLACK.,DAD'S HEADQUARTERS,0.123737644978
BLACK.,DO NOT ENTER WHEN LIGHT FLASHING.,0.226133508433
BLACK.,DREAM PRODUCTIONS,0.0778498944162
BLACK.,EXT. SCHOOL - MORNING,0.233549683248
BLACK.,FALLS!,0.0
BLACK.,GOOFBALL ISLAND,0.0953462589246
BLACK.,HEADQUARTERS,0.0941304157875
BLACK.,HOCKEY RINK,0.161164592805
BLACK.,HOSPITAL,0.106600358178
BLACK.,IMAGINATIONLAND,0.117801055358
BLACK.,LONG-TERM MEMORY,0.115919336758
BLACK.,MEMORY DUMP,0.121691087147
BLACK.,MIND WORLD,0.131715842443
BLACK.,MINNESOTA HOUSE,0.172928615967
BLACK.,MINNESOTA LAKE,0.180906806747
BLACK.,MOM'S HEADQUARTERS,0.17766726363
BLACK.,ON THE SCREEN:,0.177393718797
BLACK.,SAN FRANCISCO HOUSE,0.124893325186
BLACK.,SAN FRANCISCO STREET,0.209060502502
BLACK.,STAGE B,0.186591124071
BLACK.,SUBCONSCIOUS CAVE,0.129749824027
BLACK.,SUBCONSCIOUS GATE,0.137940146962
BLACK.,SUBCONSCIOUS STAIRS,0.150755672289
BLACK.,THE BACK OF THE ROOM,0.134839972493
BLACK.,TITLE CARD: INSIDE OUT,0.128564869307
BLACK.,TRAIN CAR,0.148453923805
BLACK.,TRAIN STATION,0.0
BUS,BUS,1.0
BUS,CLASSROOM,0.182890880238
BUS,DAD'S HEADQUARTERS,0.113554994792
BUS,DO NOT ENTER WHEN LIGHT FLASHING.,0.0395284707521
BUS,DREAM PRODUCTIONS,0.0612372435696
BUS,EXT. SCHOOL - MORNING,0.122474487139
BUS,FALLS!,0.0
BUS,GOOFBALL ISLAND,0.1
BUS,HEADQUARTERS,0.133278497496
BUS,HOCKEY RINK,0.183116755191
BUS,HOSPITAL,0.0559016994375
BUS,IMAGINATIONLAND,0.158851014664
BUS,LONG-TERM MEMORY,0.148594387414
BUS,MEMORY DUMP,0.191446033415
BUS,MIND WORLD,0.193402637398
BUS,MINNESOTA HOUSE,0.126958343769
BUS,MINNESOTA LAKE,0.126491106407
BUS,MOM'S HEADQUARTERS,0.111803398875
BUS,ON THE SCREEN:,0.155043418237
BUS,SAN FRANCISCO HOUSE,0.147362877599
BUS,SAN FRANCISCO STREET,0.109632252413
BUS,STAGE B,0.163082018263
BUS,SUBCONSCIOUS CAVE,0.136082763488
BUS,SUBCONSCIOUS GATE,0.120560705543
BUS,SUBCONSCIOUS STAIRS,0.0
BUS,THE BACK OF THE ROOM,0.117851130198
BUS,TITLE CARD: INSIDE OUT,0.0674199862463
BUS,TRAIN CAR,0.0973123680202
BUS,TRAIN STATION,0.037267799625
CLASSROOM,CLASSROOM,1.0
CLASSROOM,DAD'S HEADQUARTERS,0.153579766374
CLASSROOM,DO NOT ENTER WHEN LIGHT FLASHING.,0.119072418052
CLASSROOM,DREAM PRODUCTIONS,0.228386719901
CLASSROOM,EXT. SCHOOL - MORNING,0.122977464562
CLASSROOM,FALLS!,0.113227703414
CLASSROOM,GOOFBALL ISLAND,0.107582870728
CLASSROOM,HEADQUARTERS,0.259154810483
CLASSROOM,HOCKEY RINK,0.242464322484
CLASSROOM,HOSPITAL,0.0240562612162
CLASSROOM,IMAGINATIONLAND,0.227861975675
CLASSROOM,LONG-TERM MEMORY,0.244153037245
CLASSROOM,MEMORY DUMP,0.260886642281
CLASSROOM,MIND WORLD,0.219957715627
CLASSROOM,MINNESOTA HOUSE,0.17170739879
CLASSROOM,MINNESOTA LAKE,0.136082763488
CLASSROOM,MOM'S HEADQUARTERS,0.144337567297
CLASSROOM,ON THE SCREEN:,0.186816179439
CLASSROOM,SAN FRANCISCO HOUSE,0.274797837789
CLASSROOM,SAN FRANCISCO STREET,0.179277197073
CLASSROOM,STAGE B,0.245627643644
CLASSROOM,SUBCONSCIOUS CAVE,0.234242789642
CLASSROOM,SUBCONSCIOUS GATE,0.145266988152
CLASSROOM,SUBCONSCIOUS STAIRS,0.068041381744
CLASSROOM,THE BACK OF THE ROOM,0.192717196159
CLASSROOM,TITLE CARD: INSIDE OUT,0.130558241967
CLASSROOM,TRAIN CAR,0.167506302543
CLASSROOM,TRAIN STATION,0.0962250448649
DAD'S HEADQUARTERS,DAD'S HEADQUARTERS,1.0
DAD'S HEADQUARTERS,DO NOT ENTER WHEN LIGHT FLASHING.,0.0512989176043
DAD'S HEADQUARTERS,DREAM PRODUCTIONS,0.132453235707
DAD'S HEADQUARTERS,EXT. SCHOOL - MORNING,0.132453235707
DAD'S HEADQUARTERS,FALLS!,0.0284555196612
DAD'S HEADQUARTERS,GOOFBALL ISLAND,0.0648885684523
DAD'S HEADQUARTERS,HEADQUARTERS,0.169761962268
DAD'S HEADQUARTERS,HOCKEY RINK,0.182802832369
DAD'S HEADQUARTERS,HOSPITAL,0.0362738125055
DAD'S HEADQUARTERS,IMAGINATIONLAND,0.131708413106
DAD'S HEADQUARTERS,LONG-TERM MEMORY,0.157779443116
DAD'S HEADQUARTERS,MEMORY DUMP,0.186339885663
DAD'S HEADQUARTERS,MIND WORLD,0.206172333101
DAD'S HEADQUARTERS,MINNESOTA HOUSE,0.141225345947
DAD'S HEADQUARTERS,MINNESOTA LAKE,0.205195670417
DAD'S HEADQUARTERS,MOM'S HEADQUARTERS,0.229734145868
DAD'S HEADQUARTERS,ON THE SCREEN:,0.160968727317
DAD'S HEADQUARTERS,SAN FRANCISCO HOUSE,0.212492581565
DAD'S HEADQUARTERS,SAN FRANCISCO STREET,0.113822078645
DAD'S HEADQUARTERS,STAGE B,0.13756806317
DAD'S HEADQUARTERS,SUBCONSCIOUS CAVE,0.123623019993
DAD'S HEADQUARTERS,SUBCONSCIOUS GATE,0.0938761391311
DAD'S HEADQUARTERS,SUBCONSCIOUS STAIRS,0.0512989176043
DAD'S HEADQUARTERS,THE BACK OF THE ROOM,0.107060675806
DAD'S HEADQUARTERS,TITLE CARD: INSIDE OUT,0.131243591778
DAD'S HEADQUARTERS,TRAIN CAR,0.101031364057
DAD'S HEADQUARTERS,TRAIN STATION,0.072547625011
DO NOT ENTER WHEN LIGHT FLASHING.,DO NOT ENTER WHEN LIGHT FLASHING.,1.0
DO NOT ENTER WHEN LIGHT FLASHING.,DREAM PRODUCTIONS,0.0322748612184
DO NOT ENTER WHEN LIGHT FLASHING.,EXT. SCHOOL - MORNING,0.129099444874
DO NOT ENTER WHEN LIGHT FLASHING.,FALLS!,0.0
DO NOT ENTER WHEN LIGHT FLASHING.,GOOFBALL ISLAND,0.158113883008
DO NOT ENTER WHEN LIGHT FLASHING.,HEADQUARTERS,0.0936585811582
DO NOT ENTER WHEN LIGHT FLASHING.,HOCKEY RINK,0.0890870806375
DO NOT ENTER WHEN LIGHT FLASHING.,HOSPITAL,0.0
DO NOT ENTER WHEN LIGHT FLASHING.,IMAGINATIONLAND,0.0837218358279
DO NOT ENTER WHEN LIGHT FLASHING.,LONG-TERM MEMORY,0.117474177936
DO NOT ENTER WHEN LIGHT FLASHING.,MEMORY DUMP,0.0672672793996
DO NOT ENTER WHEN LIGHT FLASHING.,MIND WORLD,0.0655278042496
DO NOT ENTER WHEN LIGHT FLASHING.,MINNESOTA HOUSE,0.0860309002015
DO NOT ENTER WHEN LIGHT FLASHING.,MINNESOTA LAKE,0.05
DO NOT ENTER WHEN LIGHT FLASHING.,MOM'S HEADQUARTERS,0.147313912747
DO NOT ENTER WHEN LIGHT FLASHING.,ON THE SCREEN:,0.0490290337845
DO NOT ENTER WHEN LIGHT FLASHING.,SAN FRANCISCO HOUSE,0.0906115652887
DO NOT ENTER WHEN LIGHT FLASHING.,SAN FRANCISCO STREET,0.138675049056
DO NOT ENTER WHEN LIGHT FLASHING.,STAGE B,0.154713186939
DO NOT ENTER WHEN LIGHT FLASHING.,SUBCONSCIOUS CAVE,0.0860662965824
DO NOT ENTER WHEN LIGHT FLASHING.,SUBCONSCIOUS GATE,0.114373927749
DO NOT ENTER WHEN LIGHT FLASHING.,SUBCONSCIOUS STAIRS,0.0
DO NOT ENTER WHEN LIGHT FLASHING.,THE BACK OF THE ROOM,0.037267799625
DO NOT ENTER WHEN LIGHT FLASHING.,TITLE CARD: INSIDE OUT,0.0533001790889
DO NOT ENTER WHEN LIGHT FLASHING.,TRAIN CAR,0.0923186182345
DO NOT ENTER WHEN LIGHT FLASHING.,TRAIN STATION,0.0589255650989
DREAM PRODUCTIONS,DREAM PRODUCTIONS,1.0
DREAM PRODUCTIONS,EXT. SCHOOL - MORNING,0.133333333333
DREAM PRODUCTIONS,FALLS!,0.0716114874039
DREAM PRODUCTIONS,GOOFBALL ISLAND,0.122474487139
DREAM PRODUCTIONS,HEADQUARTERS,0.157186520857
DREAM PRODUCTIONS,HOCKEY RINK,0.172516389836
DREAM PRODUCTIONS,HOSPITAL,0.0
DREAM PRODUCTIONS,IMAGINATIONLAND,0.18014070882
DREAM PRODUCTIONS,LONG-TERM MEMORY,0.170960503969
DREAM PRODUCTIONS,MEMORY DUMP,0.147630863287
DREAM PRODUCTIONS,MIND WORLD,0.169192063048
DREAM PRODUCTIONS,MINNESOTA HOUSE,0.118469775552
DREAM PRODUCTIONS,MINNESOTA LAKE,0.0774596669241
DREAM PRODUCTIONS,MOM'S HEADQUARTERS,0.060858061945
DREAM PRODUCTIONS,ON THE SCREEN:,0.151910905063
DREAM PRODUCTIONS,SAN FRANCISCO HOUSE,0.1737974127
DREAM PRODUCTIONS,SAN FRANCISCO STREET,0.17902871851
DREAM PRODUCTIONS,STAGE B,0.133155910323
DREAM PRODUCTIONS,SUBCONSCIOUS CAVE,0.166666666667
DREAM PRODUCTIONS,SUBCONSCIOUS GATE,0.19687480774
DREAM PRODUCTIONS,SUBCONSCIOUS STAIRS,0.129099444874
DREAM PRODUCTIONS,THE BACK OF THE ROOM,0.134715062811
DREAM PRODUCTIONS,TITLE CARD: INSIDE OUT,0.0550481882563
DREAM PRODUCTIONS,TRAIN CAR,0.0953462589246
DREAM PRODUCTIONS,TRAIN STATION,0.0912870929175
EXT. SCHOOL - MORNING,EXT. SCHOOL - MORNING,1.0
EXT. SCHOOL - MORNING,FALLS!,0.0
EXT. SCHOOL - MORNING,GOOFBALL ISLAND,0.163299316186
EXT. SCHOOL - MORNING,HEADQUARTERS,0.0967301666813
EXT. SCHOOL - MORNING,HOCKEY RINK,0.207019667803
EXT. SCHOOL - MORNING,HOSPITAL,0.0912870929175
EXT. SCHOOL - MORNING,IMAGINATIONLAND,0.115290053645
EXT. SCHOOL - MORNING,LONG-TERM MEMORY,0.0882376794678
EXT. SCHOOL - MORNING,MEMORY DUMP,0.0868416842865
EXT. SCHOOL - MORNING,MIND WORLD,0.135353650438
EXT. SCHOOL - MORNING,MINNESOTA HOUSE,0.118469775552
EXT. SCHOOL - MORNING,MINNESOTA LAKE,0.154919333848
EXT. SCHOOL - MORNING,MOM'S HEADQUARTERS,0.152145154863
EXT. SCHOOL - MORNING,ON THE SCREEN:,0.202547873417
EXT. SCHOOL - MORNING,SAN FRANCISCO HOUSE,0.133690317462
EXT. SCHOOL - MORNING,SAN FRANCISCO STREET,0.17902871851
EXT. SCHOOL - MORNING,STAGE B,0.106524728258
EXT. SCHOOL - MORNING,SUBCONSCIOUS CAVE,0.133333333333
EXT. SCHOOL - MORNING,SUBCONSCIOUS GATE,0.118124884644
EXT. SCHOOL - MORNING,SUBCONSCIOUS STAIRS,0.0645497224368
EXT. SCHOOL - MORNING,THE BACK OF THE ROOM,0.153960071784
EXT. SCHOOL - MORNING,TITLE CARD: INSIDE OUT,0.110096376513
EXT. SCHOOL - MORNING,TRAIN CAR,0.127128345233
EXT. SCHOOL - MORNING,TRAIN STATION,0.060858061945
FALLS!,FALLS!,1.0
FALLS!,GOOFBALL ISLAND,0.175411603861
FALLS!,HEADQUARTERS,0.0779286500199
FALLS!,HOCKEY RINK,0.0
FALLS!,HOSPITAL,0.0
FALLS!,IMAGINATIONLAND,0.123841383366
FALLS!,LONG-TERM MEMORY,0.118478090096
FALLS!,MEMORY DUMP,0.0932829327063
FALLS!,MIND WORLD,0.0726965717509
FALLS!,MINNESOTA HOUSE,0.127256952595
FALLS!,MINNESOTA LAKE,0.0
FALLS!,MOM'S HEADQUARTERS,0.0
FALLS!,ON THE SCREEN:,0.054392829322
FALLS!,SAN FRANCISCO HOUSE,0.0574425749096
FALLS!,SAN FRANCISCO STREET,0.0384615384615
FALLS!,STAGE B,0.0858194351536
FALLS!,SUBCONSCIOUS CAVE,0.167093470609
FALLS!,SUBCONSCIOUS GATE,0.0422954934438
FALLS!,SUBCONSCIOUS STAIRS,0.0693375245282
FALLS!,THE BACK OF THE ROOM,0.0413449115297
FALLS!,TITLE CARD: INSIDE OUT,0.0
FALLS!,TRAIN CAR,0.1706971855
FALLS!,TRAIN STATION,0.0653720450461
GOOFBALL ISLAND,GOOFBALL ISLAND,1.0
GOOFBALL ISLAND,HEADQUARTERS,0.0888523316639
GOOFBALL ISLAND,HOCKEY RINK,0.112687233964
GOOFBALL ISLAND,HOSPITAL,0.0
GOOFBALL ISLAND,IMAGINATIONLAND,0.123550789183
GOOFBALL ISLAND,LONG-TERM MEMORY,0.108068645392
GOOFBALL ISLAND,MEMORY DUMP,0.148902470434
GOOFBALL ISLAND,MIND WORLD,0.193402637398
GOOFBALL ISLAND,MINNESOTA HOUSE,0.181369062528
GOOFBALL ISLAND,MINNESOTA LAKE,0.0632455532034
GOOFBALL ISLAND,MOM'S HEADQUARTERS,0.07453559925
GOOFBALL ISLAND,ON THE SCREEN:,0.124034734589
GOOFBALL ISLAND,SAN FRANCISCO HOUSE,0.0982419183996
GOOFBALL ISLAND,SAN FRANCISCO STREET,0.175411603861
GOOFBALL ISLAND,STAGE B,0.097849210958
GOOFBALL ISLAND,SUBCONSCIOUS CAVE,0.163299316186
GOOFBALL ISLAND,SUBCONSCIOUS GATE,0.192897128868
GOOFBALL ISLAND,SUBCONSCIOUS STAIRS,0.0790569415042
GOOFBALL ISLAND,THE BACK OF THE ROOM,0.188561808316
GOOFBALL ISLAND,TITLE CARD: INSIDE OUT,0.0674199862463
GOOFBALL ISLAND,TRAIN CAR,0.19462473604
GOOFBALL ISLAND,TRAIN STATION,0.1490711985
HEADQUARTERS,HEADQUARTERS,1.0
HEADQUARTERS,HOCKEY RINK,0.239188061065
HEADQUARTERS,HOSPITAL,0.055188848211
HEADQUARTERS,IMAGINATIONLAND,0.273573140406
HEADQUARTERS,LONG-TERM MEMORY,0.380085148611
HEADQUARTERS,MEMORY DUMP,0.26670668642
HEADQUARTERS,MIND WORLD,0.237306658667
HEADQUARTERS,MINNESOTA HOUSE,0.175475142392
HEADQUARTERS,MINNESOTA LAKE,0.11239029739
HEADQUARTERS,MOM'S HEADQUARTERS,0.202359110107
HEADQUARTERS,ON THE SCREEN:,0.128575712715
HEADQUARTERS,SAN FRANCISCO HOUSE,0.386340114916
HEADQUARTERS,SAN FRANCISCO STREET,0.173174777822
HEADQUARTERS,STAGE B,0.189982852652
HEADQUARTERS,SUBCONSCIOUS CAVE,0.23376456948
HEADQUARTERS,SUBCONSCIOUS GATE,0.138067064018
HEADQUARTERS,SUBCONSCIOUS STAIRS,0.0936585811582
HEADQUARTERS,THE BACK OF THE ROOM,0.167541563317
HEADQUARTERS,TITLE CARD: INSIDE OUT,0.0931843574469
HEADQUARTERS,TRAIN CAR,0.188300048497
HEADQUARTERS,TRAIN STATION,0.0956606702325
HOCKEY RINK,HOCKEY RINK,1.0
HOCKEY RINK,HOSPITAL,0.0314970394174
HOCKEY RINK,IMAGINATIONLAND,0.243645442024
HOCKEY RINK,LONG-TERM MEMORY,0.21311424273
HOCKEY RINK,MEMORY DUMP,0.239705821766
HOCKEY RINK,MIND WORLD,0.241290805622
HOCKEY RINK,MINNESOTA HOUSE,0.173722812854
HOCKEY RINK,MINNESOTA LAKE,0.160356745147
HOCKEY RINK,MOM'S HEADQUARTERS,0.272974341618
HOCKEY RINK,ON THE SCREEN:,0.209656967344
HOCKEY RINK,SAN FRANCISCO HOUSE,0.332118301312
HOCKEY RINK,SAN FRANCISCO STREET,0.234728950276
HOCKEY RINK,STAGE B,0.165395353926
HOCKEY RINK,SUBCONSCIOUS CAVE,0.191684877595
HOCKEY RINK,SUBCONSCIOUS GATE,0.217370438917
HOCKEY RINK,SUBCONSCIOUS STAIRS,0.0668153104781
HOCKEY RINK,THE BACK OF THE ROOM,0.172644132459
HOCKEY RINK,TITLE CARD: INSIDE OUT,0.11396057646
HOCKEY RINK,TRAIN CAR,0.153522062157
HOCKEY RINK,TRAIN STATION,0.0419960525566
HOSPITAL,HOSPITAL,1.0
HOSPITAL,IMAGINATIONLAND,0.0592002778473
HOSPITAL,LONG-TERM MEMORY,0.0151030523333
HOSPITAL,MEMORY DUMP,0.0237825747077
HOSPITAL,MIND WORLD,0.0617802063215
HOSPITAL,MINNESOTA HOUSE,0.0405553552827
HOSPITAL,MINNESOTA LAKE,0.0707106781187
HOSPITAL,MOM'S HEADQUARTERS,0.0416666666667
HOSPITAL,ON THE SCREEN:,0.0693375245282
HOSPITAL,SAN FRANCISCO HOUSE,0.0183063006485
HOSPITAL,SAN FRANCISCO STREET,0.0490290337845
HOSPITAL,STAGE B,0.0364662478745
HOSPITAL,SUBCONSCIOUS CAVE,0.0304290309725
HOSPITAL,SUBCONSCIOUS GATE,0.0
HOSPITAL,SUBCONSCIOUS STAIRS,0.0
HOSPITAL,THE BACK OF THE ROOM,0.0
HOSPITAL,TITLE CARD: INSIDE OUT,0.0753778361444
HOSPITAL,TRAIN CAR,0.0435194139889
HOSPITAL,TRAIN STATION,0.0
IMAGINATIONLAND,IMAGINATIONLAND,1.0
IMAGINATIONLAND,LONG-TERM MEMORY,0.307572083698
IMAGINATIONLAND,MEMORY DUMP,0.266569032464
IMAGINATIONLAND,MIND WORLD,0.273086268351
IMAGINATIONLAND,MINNESOTA HOUSE,0.160059220062
IMAGINATIONLAND,MINNESOTA LAKE,0.122792025881
IMAGINATIONLAND,MOM'S HEADQUARTERS,0.190756450841
IMAGINATIONLAND,ON THE SCREEN:,0.131353622954
IMAGINATIONLAND,SAN FRANCISCO HOUSE,0.260097140339
IMAGINATIONLAND,SAN FRANCISCO STREET,0.170281902128
IMAGINATIONLAND,STAGE B,0.21875961663
IMAGINATIONLAND,SUBCONSCIOUS CAVE,0.244991363995
IMAGINATIONLAND,SUBCONSCIOUS GATE,0.187256083951
IMAGINATIONLAND,SUBCONSCIOUS STAIRS,0.0837218358279
IMAGINATIONLAND,THE BACK OF THE ROOM,0.14976617289
IMAGINATIONLAND,TITLE CARD: INSIDE OUT,0.0951976286566
IMAGINATIONLAND,TRAIN CAR,0.212979209058
IMAGINATIONLAND,TRAIN STATION,0.0920893210958
LONG-TERM MEMORY,LONG-TERM MEMORY,1.0
LONG-TERM MEMORY,MEMORY DUMP,0.353442438903
LONG-TERM MEMORY,MIND WORLD,0.287385464284
LONG-TERM MEMORY,MINNESOTA HOUSE,0.142102239549
LONG-TERM MEMORY,MINNESOTA LAKE,0.102522918926
LONG-TERM MEMORY,MOM'S HEADQUARTERS,0.171167926444
LONG-TERM MEMORY,ON THE SCREEN:,0.142420323579
LONG-TERM MEMORY,SAN FRANCISCO HOUSE,0.322929827531
LONG-TERM MEMORY,SAN FRANCISCO STREET,0.159945421629
LONG-TERM MEMORY,STAGE B,0.251142752421
LONG-TERM MEMORY,SUBCONSCIOUS CAVE,0.275742748337
LONG-TERM MEMORY,SUBCONSCIOUS GATE,0.188918065964
LONG-TERM MEMORY,SUBCONSCIOUS STAIRS,0.0961152364931
LONG-TERM MEMORY,THE BACK OF THE ROOM,0.15283214398
LONG-TERM MEMORY,TITLE CARD: INSIDE OUT,0.127504765254
LONG-TERM MEMORY,TRAIN CAR,0.210328315836
LONG-TERM MEMORY,TRAIN STATION,0.120824418666
MEMORY DUMP,MEMORY DUMP,1.0
MEMORY DUMP,MIND WORLD,0.358507338841
MEMORY DUMP,MINNESOTA HOUSE,0.169753894958
MEMORY DUMP,MINNESOTA LAKE,0.107627647039
MEMORY DUMP,MOM'S HEADQUARTERS,0.174405547857
MEMORY DUMP,ON THE SCREEN:,0.118729789714
MEMORY DUMP,SAN FRANCISCO HOUSE,0.313467093212
MEMORY DUMP,SAN FRANCISCO STREET,0.167909278871
MEMORY DUMP,STAGE B,0.208142703452
MEMORY DUMP,SUBCONSCIOUS CAVE,0.214209487907
MEMORY DUMP,SUBCONSCIOUS GATE,0.143614295141
MEMORY DUMP,SUBCONSCIOUS STAIRS,0.0840840992495
MEMORY DUMP,THE BACK OF THE ROOM,0.170469437319
MEMORY DUMP,TITLE CARD: INSIDE OUT,0.0860485929318
MEMORY DUMP,TRAIN CAR,0.207000742886
MEMORY DUMP,TRAIN STATION,0.126840398441
MIND WORLD,MIND WORLD,1.0
MIND WORLD,MINNESOTA HOUSE,0.170375238743
MIND WORLD,MINNESOTA LAKE,0.174740811332
MIND WORLD,MOM'S HEADQUARTERS,0.175043917911
MIND WORLD,ON THE SCREEN:,0.119943223993
MIND WORLD,SAN FRANCISCO HOUSE,0.275955955575
MIND WORLD,SAN FRANCISCO STREET,0.230205810545
MIND WORLD,STAGE B,0.234300801015
MIND WORLD,SUBCONSCIOUS CAVE,0.240628711891
MIND WORLD,SUBCONSCIOUS GATE,0.213181791255
MIND WORLD,SUBCONSCIOUS STAIRS,0.109213007083
MIND WORLD,THE BACK OF THE ROOM,0.247463810635
MIND WORLD,TITLE CARD: INSIDE OUT,0.130392031534
MIND WORLD,TRAIN CAR,0.23660017702
MIND WORLD,TRAIN STATION,0.164747216857
MINNESOTA HOUSE,MINNESOTA HOUSE,1.0
MINNESOTA HOUSE,MINNESOTA LAKE,0.137649440322
MINNESOTA HOUSE,MOM'S HEADQUARTERS,0.162221421131
MINNESOTA HOUSE,ON THE SCREEN:,0.224960635333
MINNESOTA HOUSE,SAN FRANCISCO HOUSE,0.172241098197
MINNESOTA HOUSE,SAN FRANCISCO STREET,0.159071190744
MINNESOTA HOUSE,STAGE B,0.153805770391
MINNESOTA HOUSE,SUBCONSCIOUS CAVE,0.187577144624
MINNESOTA HOUSE,SUBCONSCIOUS GATE,0.122449499995
MINNESOTA HOUSE,SUBCONSCIOUS STAIRS,0.114707866935
MINNESOTA HOUSE,THE BACK OF THE ROOM,0.153896752813
MINNESOTA HOUSE,TITLE CARD: INSIDE OUT,0.122278997011
MINNESOTA HOUSE,TRAIN CAR,0.155315186049
MINNESOTA HOUSE,TRAIN STATION,0.0540738070436
MINNESOTA LAKE,MINNESOTA LAKE,1.0
MINNESOTA LAKE,MOM'S HEADQUARTERS,0.0942809041582
MINNESOTA LAKE,ON THE SCREEN:,0.235339362166
MINNESOTA LAKE,SAN FRANCISCO HOUSE,0.165689719385
MINNESOTA LAKE,SAN FRANCISCO STREET,0.110940039245
MINNESOTA LAKE,STAGE B,0.103142124626
MINNESOTA LAKE,SUBCONSCIOUS CAVE,0.120492815215
MINNESOTA LAKE,SUBCONSCIOUS GATE,0.152498570333
MINNESOTA LAKE,SUBCONSCIOUS STAIRS,0.05
MINNESOTA LAKE,THE BACK OF THE ROOM,0.1192569588
MINNESOTA LAKE,TITLE CARD: INSIDE OUT,0.255840859627
MINNESOTA LAKE,TRAIN CAR,0.147709789175
MINNESOTA LAKE,TRAIN STATION,0.0942809041582
MOM'S HEADQUARTERS,MOM'S HEADQUARTERS,1.0
MOM'S HEADQUARTERS,ON THE SCREEN:,0.11556254088
MOM'S HEADQUARTERS,SAN FRANCISCO HOUSE,0.213573507565
MOM'S HEADQUARTERS,SAN FRANCISCO STREET,0.163430112615
MOM'S HEADQUARTERS,STAGE B,0.194486655331
MOM'S HEADQUARTERS,SUBCONSCIOUS CAVE,0.172431175511
MOM'S HEADQUARTERS,SUBCONSCIOUS GATE,0.0898606443362
MOM'S HEADQUARTERS,SUBCONSCIOUS STAIRS,0.0883883476483
MOM'S HEADQUARTERS,THE BACK OF THE ROOM,0.105409255339
MOM'S HEADQUARTERS,TITLE CARD: INSIDE OUT,0.100503781526
MOM'S HEADQUARTERS,TRAIN CAR,0.116051770637
MOM'S HEADQUARTERS,TRAIN STATION,0.0833333333333
ON THE SCREEN:,ON THE SCREEN:,1.0
ON THE SCREEN:,SAN FRANCISCO HOUSE,0.16247213699
ON THE SCREEN:,SAN FRANCISCO STREET,0.163178487966
ON THE SCREEN:,STAGE B,0.101139174258
ON THE SCREEN:,SUBCONSCIOUS CAVE,0.151910905063
ON THE SCREEN:,SUBCONSCIOUS GATE,0.179444581366
ON THE SCREEN:,SUBCONSCIOUS STAIRS,0.0490290337845
ON THE SCREEN:,THE BACK OF THE ROOM,0.116941069241
ON THE SCREEN:,TITLE CARD: INSIDE OUT,0.250872603002
ON THE SCREEN:,TRAIN CAR,0.0965609099171
ON THE SCREEN:,TRAIN STATION,0.0462250163521
SAN FRANCISCO HOUSE,SAN FRANCISCO HOUSE,1.0
SAN FRANCISCO HOUSE,SAN FRANCISCO STREET,0.208229334047
SAN FRANCISCO HOUSE,STAGE B,0.208279374299
SAN FRANCISCO HOUSE,SUBCONSCIOUS CAVE,0.218360851854
SAN FRANCISCO HOUSE,SUBCONSCIOUS GATE,0.165817609946
SAN FRANCISCO HOUSE,SUBCONSCIOUS STAIRS,0.0906115652887
SAN FRANCISCO HOUSE,THE BACK OF THE ROOM,0.185246737859
SAN FRANCISCO HOUSE,TITLE CARD: INSIDE OUT,0.110391146455
SAN FRANCISCO HOUSE,TRAIN CAR,0.184829638554
SAN FRANCISCO HOUSE,TRAIN STATION,0.0976336034584
SAN FRANCISCO STREET,SAN FRANCISCO STREET,1.0
SAN FRANCISCO STREET,STAGE B,0.157335631115
SAN FRANCISCO STREET,SUBCONSCIOUS CAVE,0.17902871851
SAN FRANCISCO STREET,SUBCONSCIOUS GATE,0.169181973775
SAN FRANCISCO STREET,SUBCONSCIOUS STAIRS,0.104006286792
SAN FRANCISCO STREET,THE BACK OF THE ROOM,0.144707190354
SAN FRANCISCO STREET,TITLE CARD: INSIDE OUT,0.206959338596
SAN FRANCISCO STREET,TRAIN CAR,0.1706971855
SAN FRANCISCO STREET,TRAIN STATION,0.0653720450461
STAGE B,STAGE B,1.0
STAGE B,SUBCONSCIOUS CAVE,0.310697124087
STAGE B,SUBCONSCIOUS GATE,0.251664424744
STAGE B,SUBCONSCIOUS STAIRS,0.103142124626
STAGE B,THE BACK OF THE ROOM,0.138379681204
STAGE B,TITLE CARD: INSIDE OUT,0.13193984914
STAGE B,TRAIN CAR,0.203134686448
STAGE B,TRAIN STATION,0.121554159582
SUBCONSCIOUS CAVE,SUBCONSCIOUS CAVE,1.0
SUBCONSCIOUS CAVE,SUBCONSCIOUS GATE,0.24937475647
SUBCONSCIOUS CAVE,SUBCONSCIOUS STAIRS,0.107582870728
SUBCONSCIOUS CAVE,THE BACK OF THE ROOM,0.141130065802
SUBCONSCIOUS CAVE,TITLE CARD: INSIDE OUT,0.110096376513
SUBCONSCIOUS CAVE,TRAIN CAR,0.222474604157
SUBCONSCIOUS CAVE,TRAIN STATION,0.12171612389
SUBCONSCIOUS GATE,SUBCONSCIOUS GATE,1.0
SUBCONSCIOUS GATE,SUBCONSCIOUS STAIRS,0.152498570333
SUBCONSCIOUS GATE,THE BACK OF THE ROOM,0.204598301841
SUBCONSCIOUS GATE,TITLE CARD: INSIDE OUT,0.0975384133144
SUBCONSCIOUS GATE,TRAIN CAR,0.187712763945
SUBCONSCIOUS GATE,TRAIN STATION,0.107832773203
SUBCONSCIOUS STAIRS,SUBCONSCIOUS STAIRS,1.0
SUBCONSCIOUS STAIRS,THE BACK OF THE ROOM,0.186338998125
SUBCONSCIOUS STAIRS,TITLE CARD: INSIDE OUT,0.0
SUBCONSCIOUS STAIRS,TRAIN CAR,0.0923186182345
SUBCONSCIOUS STAIRS,TRAIN STATION,0.117851130198
THE BACK OF THE ROOM,THE BACK OF THE ROOM,1.0
THE BACK OF THE ROOM,TITLE CARD: INSIDE OUT,0.127128345233
THE BACK OF THE ROOM,TRAIN CAR,0.146795168684
THE BACK OF THE ROOM,TRAIN STATION,0.175682092232
TITLE CARD: INSIDE OUT,TITLE CARD: INSIDE OUT,1.0
TITLE CARD: INSIDE OUT,TRAIN CAR,0.13121597027
TITLE CARD: INSIDE OUT,TRAIN STATION,0.150755672289
TRAIN CAR,TRAIN CAR,1.0
TRAIN CAR,TRAIN STATION,0.319142369252
TRAIN STATION,TRAIN STATION,1.0
